Autohaus Dinnebier Filiale Pankow,https://www.ford.de/haendlersuche#/search/10115/dealer/FordGK1BW9E%20%20DEU/,Tino-Schwierzina-Straße 33,13089 Berlin,030/9120798-0,http://ford-dinnebier-pankow.de/
Autohaus Dinnebier Reinickendorf,https://www.ford.de/haendlersuche#/search/10115/dealer/FordGK1BW9J%20%20DEU/,Holzhauser Str. 164,13509 Berlin Reinickendorf,030/40728277-70,http://ford-dinnebier-reinickendorf.de/
Autohaus Ristow GmbH,https://www.ford.de/haendlersuche#/search/10115/dealer/FordGK1E1L0%20%20DEU/,Soltauer Str. 10,13509 Berlin,030/437783-0,http://ford-ristow-berlin.de/
Autohaus Dinnebier Fil. Lichtenberg,https://www.ford.de/haendlersuche#/search/10115/dealer/FordGK1BW9G%20%20DEU/,Siegfriedstr. 79,10365 Berlin,030/55767-0,http://ford-dinnebier-lichtenberg.de/
Autohaus Standhardt,https://www.ford.de/haendlersuche#/search/10115/dealer/FordGK2HK92%20%20DEU/,Coppistraße 5,10365 Berlin,030/29492355,http://ford-standhardt-berlin.de/
Autohaus Dinnebier Filiale Pankow,https://www.ford.de/haendlersuche#/search/10117/dealer/FordGK1BW9E%20%20DEU/,Tino-Schwierzina-Straße 33,13089 Berlin,030/9120798-0,http://ford-dinnebier-pankow.de/
Autohaus Dinnebier Filiale Ku'Damm,https://www.ford.de/haendlersuche#/search/10117/dealer/FordGK1BW9N%20%20DEU/,Karlsruher Straße 25 - 27,10711 Berlin,030/894087-100,http://ford-dinnebier-kudamm.de/
Autohaus Standhardt,https://www.ford.de/haendlersuche#/search/10117/dealer/FordGK2HK92%20%20DEU/,Coppistraße 5,10365 Berlin,030/29492355,http://ford-standhardt-berlin.de/
Autohaus Dinnebier Fil. Wilmersdorf,https://www.ford.de/haendlersuche#/search/10117/dealer/FordGK1BW9H%20%20DEU/,Forckenbeckstraße 94,14199 Berlin-Wilmersdorf,030/82095-0,http://ford-dinnebier-wilmersdorf.de/
Autohaus Dinnebier Fil. Lichtenberg,https://www.ford.de/haendlersuche#/search/10117/dealer/FordGK1BW9G%20%20DEU/,Siegfriedstr. 79,10365 Berlin,030/55767-0,http://ford-dinnebier-lichtenberg.de/
Autohaus Dinnebier Filiale Pankow,https://www.ford.de/haendlersuche#/search/10119/dealer/FordGK1BW9E%20%20DEU/,Tino-Schwierzina-Straße 33,13089 Berlin,030/9120798-0,http://ford-dinnebier-pankow.de/
Autohaus Dinnebier Fil. Lichtenberg,https://www.ford.de/haendlersuche#/search/10119/dealer/FordGK1BW9G%20%20DEU/,Siegfriedstr. 79,10365 Berlin,030/55767-0,http://ford-dinnebier-lichtenberg.de/
Autohaus Standhardt,https://www.ford.de/haendlersuche#/search/10119/dealer/FordGK2HK92%20%20DEU/,Coppistraße 5,10365 Berlin,030/29492355,http://ford-standhardt-berlin.de/
Autohaus Domes,https://www.ford.de/haendlersuche#/search/10119/dealer/FordGK2HA94%20%20DEU/,Hansastr. 187,13088 Berlin,030/9268596,http://www.ford-domes-berlin.de/
Autohaus Ristow GmbH,https://www.ford.de/haendlersuche#/search/10119/dealer/FordGK1E1L0%20%20DEU/,Soltauer Str. 10,13509 Berlin,030/437783-0,http://ford-ristow-berlin.de/
Autohaus Dinnebier Filiale Pankow,https://www.ford.de/haendlersuche#/search/10178/dealer/FordGK1BW9E%20%20DEU/,Tino-Schwierzina-Straße 33,13089 Berlin,030/9120798-0,http://ford-dinnebier-pankow.de/
Autohaus Standhardt,https://www.ford.de/haendlersuche#/search/10178/dealer/FordGK2HK92%20%20DEU/,Coppistraße 5,10365 Berlin,030/29492355,http://ford-standhardt-berlin.de/
Autohaus Dinnebier Fil. Lichtenberg,https://www.ford.de/haendlersuche#/search/10178/dealer/FordGK1BW9G%20%20DEU/,Siegfriedstr. 79,10365 Berlin,030/55767-0,http://ford-dinnebier-lichtenberg.de/
Autohaus Domes,https://www.ford.de/haendlersuche#/search/10178/dealer/FordGK2HA94%20%20DEU/,Hansastr. 187,13088 Berlin,030/9268596,http://www.ford-domes-berlin.de/
Auto-Stephan KG,https://www.ford.de/haendlersuche#/search/10178/dealer/FordGK1HAJ0%20%20DEU/,Ursula-Goetze-Str. 8 - 10,10318 Berlin,030/501069-0,http://ford-stephan-berlin.de/
Autohaus Standhardt,https://www.ford.de/haendlersuche#/search/10179/dealer/FordGK2HK92%20%20DEU/,Coppistraße 5,10365 Berlin,030/29492355,http://ford-standhardt-berlin.de/
Autohaus Dinnebier Filiale Pankow,https://www.ford.de/haendlersuche#/search/10179/dealer/FordGK1BW9E%20%20DEU/,Tino-Schwierzina-Straße 33,13089 Berlin,030/9120798-0,http://ford-dinnebier-pankow.de/
Autohaus Dinnebier Fil. Lichtenberg,https://www.ford.de/haendlersuche#/search/10179/dealer/FordGK1BW9G%20%20DEU/,Siegfriedstr. 79,10365 Berlin,030/55767-0,http://ford-dinnebier-lichtenberg.de/
Autohaus Domes,https://www.ford.de/haendlersuche#/search/10179/dealer/FordGK2HA94%20%20DEU/,Hansastr. 187,13088 Berlin,030/9268596,http://www.ford-domes-berlin.de/
Auto-Stephan KG,https://www.ford.de/haendlersuche#/search/10179/dealer/FordGK1HAJ0%20%20DEU/,Ursula-Goetze-Str. 8 - 10,10318 Berlin,030/501069-0,http://ford-stephan-berlin.de/
Autohaus Standhardt,https://www.ford.de/haendlersuche#/search/10243/dealer/FordGK2HK92%20%20DEU/,Coppistraße 5,10365 Berlin,030/29492355,http://ford-standhardt-berlin.de/
Autohaus Dinnebier Fil. Lichtenberg,https://www.ford.de/haendlersuche#/search/10243/dealer/FordGK1BW9G%20%20DEU/,Siegfriedstr. 79,10365 Berlin,030/55767-0,http://ford-dinnebier-lichtenberg.de/
Autohaus Dinnebier Filiale Pankow,https://www.ford.de/haendlersuche#/search/10243/dealer/FordGK1BW9E%20%20DEU/,Tino-Schwierzina-Straße 33,13089 Berlin,030/9120798-0,http://ford-dinnebier-pankow.de/
Autohaus Domes,https://www.ford.de/haendlersuche#/search/10243/dealer/FordGK2HA94%20%20DEU/,Hansastr. 187,13088 Berlin,030/9268596,http://www.ford-domes-berlin.de/
Auto-Stephan KG,https://www.ford.de/haendlersuche#/search/10243/dealer/FordGK1HAJ0%20%20DEU/,Ursula-Goetze-Str. 8 - 10,10318 Berlin,030/501069-0,http://ford-stephan-berlin.de/
Autohaus Standhardt,https://www.ford.de/haendlersuche#/search/10245/dealer/FordGK2HK92%20%20DEU/,Coppistraße 5,10365 Berlin,030/29492355,http://ford-standhardt-berlin.de/
Autohaus Dinnebier Fil. Lichtenberg,https://www.ford.de/haendlersuche#/search/10245/dealer/FordGK1BW9G%20%20DEU/,Siegfriedstr. 79,10365 Berlin,030/55767-0,http://ford-dinnebier-lichtenberg.de/
Automobilforum KADEA GmbH,https://www.ford.de/haendlersuche#/search/10245/dealer/FordGK1E300%20%20DEU/,Buschkrugallee 43,12359 Berlin,030/68285-0,http://ford-kadea-buschkrug-berlin.de/
Auto-Stephan KG,https://www.ford.de/haendlersuche#/search/10245/dealer/FordGK1HAJ0%20%20DEU/,Ursula-Goetze-Str. 8 - 10,10318 Berlin,030/501069-0,http://ford-stephan-berlin.de/
Autohaus Domes,https://www.ford.de/haendlersuche#/search/10245/dealer/FordGK2HA94%20%20DEU/,Hansastr. 187,13088 Berlin,030/9268596,http://www.ford-domes-berlin.de/
Autohaus Standhardt,https://www.ford.de/haendlersuche#/search/10247/dealer/FordGK2HK92%20%20DEU/,Coppistraße 5,10365 Berlin,030/29492355,http://ford-standhardt-berlin.de/
Autohaus Dinnebier Fil. Lichtenberg,https://www.ford.de/haendlersuche#/search/10247/dealer/FordGK1BW9G%20%20DEU/,Siegfriedstr. 79,10365 Berlin,030/55767-0,http://ford-dinnebier-lichtenberg.de/
Autohaus Domes,https://www.ford.de/haendlersuche#/search/10247/dealer/FordGK2HA94%20%20DEU/,Hansastr. 187,13088 Berlin,030/9268596,http://www.ford-domes-berlin.de/
Auto-Stephan KG,https://www.ford.de/haendlersuche#/search/10247/dealer/FordGK1HAJ0%20%20DEU/,Ursula-Goetze-Str. 8 - 10,10318 Berlin,030/501069-0,http://ford-stephan-berlin.de/
Autohaus Dinnebier Filiale Pankow,https://www.ford.de/haendlersuche#/search/10247/dealer/FordGK1BW9E%20%20DEU/,Tino-Schwierzina-Straße 33,13089 Berlin,030/9120798-0,http://ford-dinnebier-pankow.de/
Autohaus Dinnebier Fil. Lichtenberg,https://www.ford.de/haendlersuche#/search/10249/dealer/FordGK1BW9G%20%20DEU/,Siegfriedstr. 79,10365 Berlin,030/55767-0,http://ford-dinnebier-lichtenberg.de/
Autohaus Standhardt,https://www.ford.de/haendlersuche#/search/10249/dealer/FordGK2HK92%20%20DEU/,Coppistraße 5,10365 Berlin,030/29492355,http://ford-standhardt-berlin.de/
Autohaus Dinnebier Filiale Pankow,https://www.ford.de/haendlersuche#/search/10249/dealer/FordGK1BW9E%20%20DEU/,Tino-Schwierzina-Straße 33,13089 Berlin,030/9120798-0,http://ford-dinnebier-pankow.de/
Autohaus Domes,https://www.ford.de/haendlersuche#/search/10249/dealer/FordGK2HA94%20%20DEU/,Hansastr. 187,13088 Berlin,030/9268596,http://www.ford-domes-berlin.de/
Auto-Stephan KG,https://www.ford.de/haendlersuche#/search/10249/dealer/FordGK1HAJ0%20%20DEU/,Ursula-Goetze-Str. 8 - 10,10318 Berlin,030/501069-0,http://ford-stephan-berlin.de/
Autohaus Dinnebier Fil. Lichtenberg,https://www.ford.de/haendlersuche#/search/10315/dealer/FordGK1BW9G%20%20DEU/,Siegfriedstr. 79,10365 Berlin,030/55767-0,http://ford-dinnebier-lichtenberg.de/
Autohaus Standhardt,https://www.ford.de/haendlersuche#/search/10315/dealer/FordGK2HK92%20%20DEU/,Coppistraße 5,10365 Berlin,030/29492355,http://ford-standhardt-berlin.de/
Auto-Stephan KG,https://www.ford.de/haendlersuche#/search/10315/dealer/FordGK1HAJ0%20%20DEU/,Ursula-Goetze-Str. 8 - 10,10318 Berlin,030/501069-0,http://ford-stephan-berlin.de/
Autohaus Dinnebier Filiale Marzahn,https://www.ford.de/haendlersuche#/search/10315/dealer/FordGK1BW9D%20%20DEU/,Wolfener Straße 13,12681 Berlin,030/9366889-0,http://ford-dinnebier-marzahn.de/
Autohaus Domes,https://www.ford.de/haendlersuche#/search/10315/dealer/FordGK2HA94%20%20DEU/,Hansastr. 187,13088 Berlin,030/9268596,http://www.ford-domes-berlin.de/
Autohaus Standhardt,https://www.ford.de/haendlersuche#/search/10317/dealer/FordGK2HK92%20%20DEU/,Coppistraße 5,10365 Berlin,030/29492355,http://ford-standhardt-berlin.de/
Auto-Stephan KG,https://www.ford.de/haendlersuche#/search/10317/dealer/FordGK1HAJ0%20%20DEU/,Ursula-Goetze-Str. 8 - 10,10318 Berlin,030/501069-0,http://ford-stephan-berlin.de/
Autohaus Dinnebier Fil. Lichtenberg,https://www.ford.de/haendlersuche#/search/10317/dealer/FordGK1BW9G%20%20DEU/,Siegfriedstr. 79,10365 Berlin,030/55767-0,http://ford-dinnebier-lichtenberg.de/
Automobilforum KADEA GmbH,https://www.ford.de/haendlersuche#/search/10317/dealer/FordGK1E300%20%20DEU/,Buschkrugallee 43,12359 Berlin,030/68285-0,http://ford-kadea-buschkrug-berlin.de/
Autohaus Domes,https://www.ford.de/haendlersuche#/search/10317/dealer/FordGK2HA94%20%20DEU/,Hansastr. 187,13088 Berlin,030/9268596,http://www.ford-domes-berlin.de/
Auto-Stephan KG,https://www.ford.de/haendlersuche#/search/10318/dealer/FordGK1HAJ0%20%20DEU/,Ursula-Goetze-Str. 8 - 10,10318 Berlin,030/501069-0,http://ford-stephan-berlin.de/
Autohaus Standhardt,https://www.ford.de/haendlersuche#/search/10318/dealer/FordGK2HK92%20%20DEU/,Coppistraße 5,10365 Berlin,030/29492355,http://ford-standhardt-berlin.de/
Autohaus Dinnebier Filiale Köpenick,https://www.ford.de/haendlersuche#/search/10318/dealer/FordGK1BW9F%20%20DEU/,Bruno-Bürgel-Weg 70 - 80,12439 Berlin-Köpenick,030/6706969-0,http://ford-dinnebier-koepenick.de/
Automobilforum KADEA GmbH,https://www.ford.de/haendlersuche#/search/10318/dealer/FordGK1E300%20%20DEU/,Buschkrugallee 43,12359 Berlin,030/68285-0,http://ford-kadea-buschkrug-berlin.de/
Autohaus Dinnebier Fil. Lichtenberg,https://www.ford.de/haendlersuche#/search/10318/dealer/FordGK1BW9G%20%20DEU/,Siegfriedstr. 79,10365 Berlin,030/55767-0,http://ford-dinnebier-lichtenberg.de/
Auto-Stephan KG,https://www.ford.de/haendlersuche#/search/10319/dealer/FordGK1HAJ0%20%20DEU/,Ursula-Goetze-Str. 8 - 10,10318 Berlin,030/501069-0,http://ford-stephan-berlin.de/
Autohaus Standhardt,https://www.ford.de/haendlersuche#/search/10319/dealer/FordGK2HK92%20%20DEU/,Coppistraße 5,10365 Berlin,030/29492355,http://ford-standhardt-berlin.de/
Autohaus Dinnebier Fil. Lichtenberg,https://www.ford.de/haendlersuche#/search/10319/dealer/FordGK1BW9G%20%20DEU/,Siegfriedstr. 79,10365 Berlin,030/55767-0,http://ford-dinnebier-lichtenberg.de/
Autohaus Dinnebier Filiale Köpenick,https://www.ford.de/haendlersuche#/search/10319/dealer/FordGK1BW9F%20%20DEU/,Bruno-Bürgel-Weg 70 - 80,12439 Berlin-Köpenick,030/6706969-0,http://ford-dinnebier-koepenick.de/
Autohaus Dinnebier Filiale Marzahn,https://www.ford.de/haendlersuche#/search/10319/dealer/FordGK1BW9D%20%20DEU/,Wolfener Straße 13,12681 Berlin,030/9366889-0,http://ford-dinnebier-marzahn.de/
Autohaus Standhardt,https://www.ford.de/haendlersuche#/search/10365/dealer/FordGK2HK92%20%20DEU/,Coppistraße 5,10365 Berlin,030/29492355,http://ford-standhardt-berlin.de/
Autohaus Dinnebier Fil. Lichtenberg,https://www.ford.de/haendlersuche#/search/10365/dealer/FordGK1BW9G%20%20DEU/,Siegfriedstr. 79,10365 Berlin,030/55767-0,http://ford-dinnebier-lichtenberg.de/
Auto-Stephan KG,https://www.ford.de/haendlersuche#/search/10365/dealer/FordGK1HAJ0%20%20DEU/,Ursula-Goetze-Str. 8 - 10,10318 Berlin,030/501069-0,http://ford-stephan-berlin.de/
Autohaus Domes,https://www.ford.de/haendlersuche#/search/10365/dealer/FordGK2HA94%20%20DEU/,Hansastr. 187,13088 Berlin,030/9268596,http://www.ford-domes-berlin.de/
Autohaus Dinnebier Filiale Marzahn,https://www.ford.de/haendlersuche#/search/10365/dealer/FordGK1BW9D%20%20DEU/,Wolfener Straße 13,12681 Berlin,030/9366889-0,http://ford-dinnebier-marzahn.de/
Autohaus Standhardt,https://www.ford.de/haendlersuche#/search/10367/dealer/FordGK2HK92%20%20DEU/,Coppistraße 5,10365 Berlin,030/29492355,http://ford-standhardt-berlin.de/
Autohaus Dinnebier Fil. Lichtenberg,https://www.ford.de/haendlersuche#/search/10367/dealer/FordGK1BW9G%20%20DEU/,Siegfriedstr. 79,10365 Berlin,030/55767-0,http://ford-dinnebier-lichtenberg.de/
Autohaus Domes,https://www.ford.de/haendlersuche#/search/10367/dealer/FordGK2HA94%20%20DEU/,Hansastr. 187,13088 Berlin,030/9268596,http://www.ford-domes-berlin.de/
Auto-Stephan KG,https://www.ford.de/haendlersuche#/search/10367/dealer/FordGK1HAJ0%20%20DEU/,Ursula-Goetze-Str. 8 - 10,10318 Berlin,030/501069-0,http://ford-stephan-berlin.de/
Autohaus Dinnebier Filiale Pankow,https://www.ford.de/haendlersuche#/search/10367/dealer/FordGK1BW9E%20%20DEU/,Tino-Schwierzina-Straße 33,13089 Berlin,030/9120798-0,http://ford-dinnebier-pankow.de/
Autohaus Dinnebier Fil. Lichtenberg,https://www.ford.de/haendlersuche#/search/10369/dealer/FordGK1BW9G%20%20DEU/,Siegfriedstr. 79,10365 Berlin,030/55767-0,http://ford-dinnebier-lichtenberg.de/
Autohaus Standhardt,https://www.ford.de/haendlersuche#/search/10369/dealer/FordGK2HK92%20%20DEU/,Coppistraße 5,10365 Berlin,030/29492355,http://ford-standhardt-berlin.de/
Autohaus Domes,https://www.ford.de/haendlersuche#/search/10369/dealer/FordGK2HA94%20%20DEU/,Hansastr. 187,13088 Berlin,030/9268596,http://www.ford-domes-berlin.de/
Autohaus Dinnebier Filiale Pankow,https://www.ford.de/haendlersuche#/search/10369/dealer/FordGK1BW9E%20%20DEU/,Tino-Schwierzina-Straße 33,13089 Berlin,030/9120798-0,http://ford-dinnebier-pankow.de/
Auto-Stephan KG,https://www.ford.de/haendlersuche#/search/10369/dealer/FordGK1HAJ0%20%20DEU/,Ursula-Goetze-Str. 8 - 10,10318 Berlin,030/501069-0,http://ford-stephan-berlin.de/
Autohaus Dinnebier Filiale Pankow,https://www.ford.de/haendlersuche#/search/10405/dealer/FordGK1BW9E%20%20DEU/,Tino-Schwierzina-Straße 33,13089 Berlin,030/9120798-0,http://ford-dinnebier-pankow.de/
Autohaus Domes,https://www.ford.de/haendlersuche#/search/10405/dealer/FordGK2HA94%20%20DEU/,Hansastr. 187,13088 Berlin,030/9268596,http://www.ford-domes-berlin.de/
Autohaus Dinnebier Fil. Lichtenberg,https://www.ford.de/haendlersuche#/search/10405/dealer/FordGK1BW9G%20%20DEU/,Siegfriedstr. 79,10365 Berlin,030/55767-0,http://ford-dinnebier-lichtenberg.de/
Autohaus Standhardt,https://www.ford.de/haendlersuche#/search/10405/dealer/FordGK2HK92%20%20DEU/,Coppistraße 5,10365 Berlin,030/29492355,http://ford-standhardt-berlin.de/
Autohaus Günter Müller GmbH & Co. KG,https://www.ford.de/haendlersuche#/search/10405/dealer/FordGK1HAK0%20%20DEU/,Berliner Str. 17,13127 Berlin,030/474869-6,http://ford-mueller-berlinerstrasse.de/
Autohaus Dinnebier Fil. Lichtenberg,https://www.ford.de/haendlersuche#/search/10407/dealer/FordGK1BW9G%20%20DEU/,Siegfriedstr. 79,10365 Berlin,030/55767-0,http://ford-dinnebier-lichtenberg.de/
Autohaus Dinnebier Filiale Pankow,https://www.ford.de/haendlersuche#/search/10407/dealer/FordGK1BW9E%20%20DEU/,Tino-Schwierzina-Straße 33,13089 Berlin,030/9120798-0,http://ford-dinnebier-pankow.de/
Autohaus Domes,https://www.ford.de/haendlersuche#/search/10407/dealer/FordGK2HA94%20%20DEU/,Hansastr. 187,13088 Berlin,030/9268596,http://www.ford-domes-berlin.de/
Autohaus Standhardt,https://www.ford.de/haendlersuche#/search/10407/dealer/FordGK2HK92%20%20DEU/,Coppistraße 5,10365 Berlin,030/29492355,http://ford-standhardt-berlin.de/
Autohaus Dinnebier Filiale Marzahn,https://www.ford.de/haendlersuche#/search/10407/dealer/FordGK1BW9D%20%20DEU/,Wolfener Straße 13,12681 Berlin,030/9366889-0,http://ford-dinnebier-marzahn.de/
Autohaus Dinnebier Filiale Pankow,https://www.ford.de/haendlersuche#/search/10409/dealer/FordGK1BW9E%20%20DEU/,Tino-Schwierzina-Straße 33,13089 Berlin,030/9120798-0,http://ford-dinnebier-pankow.de/
Autohaus Domes,https://www.ford.de/haendlersuche#/search/10409/dealer/FordGK2HA94%20%20DEU/,Hansastr. 187,13088 Berlin,030/9268596,http://www.ford-domes-berlin.de/
Autohaus Dinnebier Fil. Lichtenberg,https://www.ford.de/haendlersuche#/search/10409/dealer/FordGK1BW9G%20%20DEU/,Siegfriedstr. 79,10365 Berlin,030/55767-0,http://ford-dinnebier-lichtenberg.de/
Autohaus Standhardt,https://www.ford.de/haendlersuche#/search/10409/dealer/FordGK2HK92%20%20DEU/,Coppistraße 5,10365 Berlin,030/29492355,http://ford-standhardt-berlin.de/
Autohaus Dinnebier Filiale Marzahn,https://www.ford.de/haendlersuche#/search/10409/dealer/FordGK1BW9D%20%20DEU/,Wolfener Straße 13,12681 Berlin,030/9366889-0,http://ford-dinnebier-marzahn.de/
Autohaus Dinnebier Filiale Pankow,https://www.ford.de/haendlersuche#/search/10435/dealer/FordGK1BW9E%20%20DEU/,Tino-Schwierzina-Straße 33,13089 Berlin,030/9120798-0,http://ford-dinnebier-pankow.de/
Autohaus Domes,https://www.ford.de/haendlersuche#/search/10435/dealer/FordGK2HA94%20%20DEU/,Hansastr. 187,13088 Berlin,030/9268596,http://www.ford-domes-berlin.de/
Autohaus Dinnebier Fil. Lichtenberg,https://www.ford.de/haendlersuche#/search/10435/dealer/FordGK1BW9G%20%20DEU/,Siegfriedstr. 79,10365 Berlin,030/55767-0,http://ford-dinnebier-lichtenberg.de/
Autohaus Standhardt,https://www.ford.de/haendlersuche#/search/10435/dealer/FordGK2HK92%20%20DEU/,Coppistraße 5,10365 Berlin,030/29492355,http://ford-standhardt-berlin.de/
Autohaus Günter Müller GmbH & Co. KG,https://www.ford.de/haendlersuche#/search/10435/dealer/FordGK1HAK0%20%20DEU/,Berliner Str. 17,13127 Berlin,030/474869-6,http://ford-mueller-berlinerstrasse.de/
Autohaus Dinnebier Filiale Pankow,https://www.ford.de/haendlersuche#/search/10437/dealer/FordGK1BW9E%20%20DEU/,Tino-Schwierzina-Straße 33,13089 Berlin,030/9120798-0,http://ford-dinnebier-pankow.de/
Autohaus Domes,https://www.ford.de/haendlersuche#/search/10437/dealer/FordGK2HA94%20%20DEU/,Hansastr. 187,13088 Berlin,030/9268596,http://www.ford-domes-berlin.de/
Autohaus Günter Müller GmbH & Co. KG,https://www.ford.de/haendlersuche#/search/10437/dealer/FordGK1HAK0%20%20DEU/,Berliner Str. 17,13127 Berlin,030/474869-6,http://ford-mueller-berlinerstrasse.de/
Autohaus Dinnebier Fil. Lichtenberg,https://www.ford.de/haendlersuche#/search/10437/dealer/FordGK1BW9G%20%20DEU/,Siegfriedstr. 79,10365 Berlin,030/55767-0,http://ford-dinnebier-lichtenberg.de/
Autohaus Standhardt,https://www.ford.de/haendlersuche#/search/10437/dealer/FordGK2HK92%20%20DEU/,Coppistraße 5,10365 Berlin,030/29492355,http://ford-standhardt-berlin.de/
Autohaus Dinnebier Filiale Pankow,https://www.ford.de/haendlersuche#/search/10439/dealer/FordGK1BW9E%20%20DEU/,Tino-Schwierzina-Straße 33,13089 Berlin,030/9120798-0,http://ford-dinnebier-pankow.de/
Autohaus Domes,https://www.ford.de/haendlersuche#/search/10439/dealer/FordGK2HA94%20%20DEU/,Hansastr. 187,13088 Berlin,030/9268596,http://www.ford-domes-berlin.de/
Autohaus Günter Müller GmbH & Co. KG,https://www.ford.de/haendlersuche#/search/10439/dealer/FordGK1HAK0%20%20DEU/,Berliner Str. 17,13127 Berlin,030/474869-6,http://ford-mueller-berlinerstrasse.de/
Autohaus Dinnebier Fil. Lichtenberg,https://www.ford.de/haendlersuche#/search/10439/dealer/FordGK1BW9G%20%20DEU/,Siegfriedstr. 79,10365 Berlin,030/55767-0,http://ford-dinnebier-lichtenberg.de/
Autohaus Standhardt,https://www.ford.de/haendlersuche#/search/10439/dealer/FordGK2HK92%20%20DEU/,Coppistraße 5,10365 Berlin,030/29492355,http://ford-standhardt-berlin.de/
Autohaus Dinnebier Filiale Pankow,https://www.ford.de/haendlersuche#/search/10551/dealer/FordGK1BW9E%20%20DEU/,Tino-Schwierzina-Straße 33,13089 Berlin,030/9120798-0,http://ford-dinnebier-pankow.de/
Autohaus Ristow GmbH,https://www.ford.de/haendlersuche#/search/10551/dealer/FordGK1E1L0%20%20DEU/,Soltauer Str. 10,13509 Berlin,030/437783-0,http://ford-ristow-berlin.de/
Autohaus Dinnebier Reinickendorf,https://www.ford.de/haendlersuche#/search/10551/dealer/FordGK1BW9J%20%20DEU/,Holzhauser Str. 164,13509 Berlin Reinickendorf,030/40728277-70,http://ford-dinnebier-reinickendorf.de/
Autohaus Dinnebier Filiale Ku'Damm,https://www.ford.de/haendlersuche#/search/10551/dealer/FordGK1BW9N%20%20DEU/,Karlsruher Straße 25 - 27,10711 Berlin,030/894087-100,http://ford-dinnebier-kudamm.de/
Autohaus Günter Müller GmbH & Co. KG,https://www.ford.de/haendlersuche#/search/10551/dealer/FordGK1HAK0%20%20DEU/,Berliner Str. 17,13127 Berlin,030/474869-6,http://ford-mueller-berlinerstrasse.de/
Autohaus Ristow GmbH,https://www.ford.de/haendlersuche#/search/10553/dealer/FordGK1E1L0%20%20DEU/,Soltauer Str. 10,13509 Berlin,030/437783-0,http://ford-ristow-berlin.de/
Autohaus Dinnebier Reinickendorf,https://www.ford.de/haendlersuche#/search/10553/dealer/FordGK1BW9J%20%20DEU/,Holzhauser Str. 164,13509 Berlin Reinickendorf,030/40728277-70,http://ford-dinnebier-reinickendorf.de/
Autohaus Dinnebier Filiale Ku'Damm,https://www.ford.de/haendlersuche#/search/10553/dealer/FordGK1BW9N%20%20DEU/,Karlsruher Straße 25 - 27,10711 Berlin,030/894087-100,http://ford-dinnebier-kudamm.de/
Autohaus Dinnebier Filiale Pankow,https://www.ford.de/haendlersuche#/search/10553/dealer/FordGK1BW9E%20%20DEU/,Tino-Schwierzina-Straße 33,13089 Berlin,030/9120798-0,http://ford-dinnebier-pankow.de/
Autohaus Dinnebier Fil. Wilmersdorf,https://www.ford.de/haendlersuche#/search/10553/dealer/FordGK1BW9H%20%20DEU/,Forckenbeckstraße 94,14199 Berlin-Wilmersdorf,030/82095-0,http://ford-dinnebier-wilmersdorf.de/
Autohaus Dinnebier Filiale Ku'Damm,https://www.ford.de/haendlersuche#/search/10555/dealer/FordGK1BW9N%20%20DEU/,Karlsruher Straße 25 - 27,10711 Berlin,030/894087-100,http://ford-dinnebier-kudamm.de/
Autohaus Ristow GmbH,https://www.ford.de/haendlersuche#/search/10555/dealer/FordGK1E1L0%20%20DEU/,Soltauer Str. 10,13509 Berlin,030/437783-0,http://ford-ristow-berlin.de/
Autohaus Dinnebier Filiale Pankow,https://www.ford.de/haendlersuche#/search/10555/dealer/FordGK1BW9E%20%20DEU/,Tino-Schwierzina-Straße 33,13089 Berlin,030/9120798-0,http://ford-dinnebier-pankow.de/
Autohaus Dinnebier Reinickendorf,https://www.ford.de/haendlersuche#/search/10555/dealer/FordGK1BW9J%20%20DEU/,Holzhauser Str. 164,13509 Berlin Reinickendorf,030/40728277-70,http://ford-dinnebier-reinickendorf.de/
Autohaus Dinnebier Fil. Lichtenberg,https://www.ford.de/haendlersuche#/search/10555/dealer/FordGK1BW9G%20%20DEU/,Siegfriedstr. 79,10365 Berlin,030/55767-0,http://ford-dinnebier-lichtenberg.de/
Autohaus Dinnebier Filiale Ku'Damm,https://www.ford.de/haendlersuche#/search/10557/dealer/FordGK1BW9N%20%20DEU/,Karlsruher Straße 25 - 27,10711 Berlin,030/894087-100,http://ford-dinnebier-kudamm.de/
Autohaus Dinnebier Fil. Wilmersdorf,https://www.ford.de/haendlersuche#/search/10557/dealer/FordGK1BW9H%20%20DEU/,Forckenbeckstraße 94,14199 Berlin-Wilmersdorf,030/82095-0,http://ford-dinnebier-wilmersdorf.de/
Autohaus Dinnebier Filiale Pankow,https://www.ford.de/haendlersuche#/search/10557/dealer/FordGK1BW9E%20%20DEU/,Tino-Schwierzina-Straße 33,13089 Berlin,030/9120798-0,http://ford-dinnebier-pankow.de/
Autohaus Ristow GmbH,https://www.ford.de/haendlersuche#/search/10557/dealer/FordGK1E1L0%20%20DEU/,Soltauer Str. 10,13509 Berlin,030/437783-0,http://ford-ristow-berlin.de/
Autohaus Dinnebier Fil. Lichtenberg,https://www.ford.de/haendlersuche#/search/10557/dealer/FordGK1BW9G%20%20DEU/,Siegfriedstr. 79,10365 Berlin,030/55767-0,http://ford-dinnebier-lichtenberg.de/
Autohaus Dinnebier Filiale Pankow,https://www.ford.de/haendlersuche#/search/10559/dealer/FordGK1BW9E%20%20DEU/,Tino-Schwierzina-Straße 33,13089 Berlin,030/9120798-0,http://ford-dinnebier-pankow.de/
Autohaus Ristow GmbH,https://www.ford.de/haendlersuche#/search/10559/dealer/FordGK1E1L0%20%20DEU/,Soltauer Str. 10,13509 Berlin,030/437783-0,http://ford-ristow-berlin.de/
Autohaus Günter Müller GmbH & Co. KG,https://www.ford.de/haendlersuche#/search/10559/dealer/FordGK1HAK0%20%20DEU/,Berliner Str. 17,13127 Berlin,030/474869-6,http://ford-mueller-berlinerstrasse.de/
Autohaus Dinnebier Filiale Ku'Damm,https://www.ford.de/haendlersuche#/search/10559/dealer/FordGK1BW9N%20%20DEU/,Karlsruher Straße 25 - 27,10711 Berlin,030/894087-100,http://ford-dinnebier-kudamm.de/
Autohaus Dinnebier Reinickendorf,https://www.ford.de/haendlersuche#/search/10559/dealer/FordGK1BW9J%20%20DEU/,Holzhauser Str. 164,13509 Berlin Reinickendorf,030/40728277-70,http://ford-dinnebier-reinickendorf.de/
Autohaus Dinnebier Filiale Ku'Damm,https://www.ford.de/haendlersuche#/search/10585/dealer/FordGK1BW9N%20%20DEU/,Karlsruher Straße 25 - 27,10711 Berlin,030/894087-100,http://ford-dinnebier-kudamm.de/
Autohaus Dinnebier Fil. Wilmersdorf,https://www.ford.de/haendlersuche#/search/10585/dealer/FordGK1BW9H%20%20DEU/,Forckenbeckstraße 94,14199 Berlin-Wilmersdorf,030/82095-0,http://ford-dinnebier-wilmersdorf.de/
Autohaus Ristow GmbH,https://www.ford.de/haendlersuche#/search/10585/dealer/FordGK1E1L0%20%20DEU/,Soltauer Str. 10,13509 Berlin,030/437783-0,http://ford-ristow-berlin.de/
Autohaus Dinnebier Reinickendorf,https://www.ford.de/haendlersuche#/search/10585/dealer/FordGK1BW9J%20%20DEU/,Holzhauser Str. 164,13509 Berlin Reinickendorf,030/40728277-70,http://ford-dinnebier-reinickendorf.de/
Autohaus Dinnebier Filiale Spandau,https://www.ford.de/haendlersuche#/search/10585/dealer/FordGK1BW9M%20%20DEU/,Brunsbütteler Damm 192/194,13581 Berlin,030/35107-0,http://ford-dinnebier-spandau.de/
Autohaus Dinnebier Filiale Ku'Damm,https://www.ford.de/haendlersuche#/search/10587/dealer/FordGK1BW9N%20%20DEU/,Karlsruher Straße 25 - 27,10711 Berlin,030/894087-100,http://ford-dinnebier-kudamm.de/
Autohaus Dinnebier Fil. Wilmersdorf,https://www.ford.de/haendlersuche#/search/10587/dealer/FordGK1BW9H%20%20DEU/,Forckenbeckstraße 94,14199 Berlin-Wilmersdorf,030/82095-0,http://ford-dinnebier-wilmersdorf.de/
Autohaus Ristow GmbH,https://www.ford.de/haendlersuche#/search/10587/dealer/FordGK1E1L0%20%20DEU/,Soltauer Str. 10,13509 Berlin,030/437783-0,http://ford-ristow-berlin.de/
Autohaus Dinnebier Filiale Pankow,https://www.ford.de/haendlersuche#/search/10587/dealer/FordGK1BW9E%20%20DEU/,Tino-Schwierzina-Straße 33,13089 Berlin,030/9120798-0,http://ford-dinnebier-pankow.de/
Autohaus Dinnebier Reinickendorf,https://www.ford.de/haendlersuche#/search/10587/dealer/FordGK1BW9J%20%20DEU/,Holzhauser Str. 164,13509 Berlin Reinickendorf,030/40728277-70,http://ford-dinnebier-reinickendorf.de/
Autohaus Ristow GmbH,https://www.ford.de/haendlersuche#/search/10589/dealer/FordGK1E1L0%20%20DEU/,Soltauer Str. 10,13509 Berlin,030/437783-0,http://ford-ristow-berlin.de/
Autohaus Dinnebier Filiale Ku'Damm,https://www.ford.de/haendlersuche#/search/10589/dealer/FordGK1BW9N%20%20DEU/,Karlsruher Straße 25 - 27,10711 Berlin,030/894087-100,http://ford-dinnebier-kudamm.de/
Autohaus Dinnebier Reinickendorf,https://www.ford.de/haendlersuche#/search/10589/dealer/FordGK1BW9J%20%20DEU/,Holzhauser Str. 164,13509 Berlin Reinickendorf,030/40728277-70,http://ford-dinnebier-reinickendorf.de/
Autohaus Dinnebier Fil. Wilmersdorf,https://www.ford.de/haendlersuche#/search/10589/dealer/FordGK1BW9H%20%20DEU/,Forckenbeckstraße 94,14199 Berlin-Wilmersdorf,030/82095-0,http://ford-dinnebier-wilmersdorf.de/
Autohaus Dinnebier Filiale Spandau,https://www.ford.de/haendlersuche#/search/10589/dealer/FordGK1BW9M%20%20DEU/,Brunsbütteler Damm 192/194,13581 Berlin,030/35107-0,http://ford-dinnebier-spandau.de/
Autohaus Dinnebier Filiale Ku'Damm,https://www.ford.de/haendlersuche#/search/10623/dealer/FordGK1BW9N%20%20DEU/,Karlsruher Straße 25 - 27,10711 Berlin,030/894087-100,http://ford-dinnebier-kudamm.de/
Autohaus Dinnebier Fil. Wilmersdorf,https://www.ford.de/haendlersuche#/search/10623/dealer/FordGK1BW9H%20%20DEU/,Forckenbeckstraße 94,14199 Berlin-Wilmersdorf,030/82095-0,http://ford-dinnebier-wilmersdorf.de/
Autohaus Ristow GmbH,https://www.ford.de/haendlersuche#/search/10623/dealer/FordGK1E1L0%20%20DEU/,Soltauer Str. 10,13509 Berlin,030/437783-0,http://ford-ristow-berlin.de/
Autohaus Dinnebier Reinickendorf,https://www.ford.de/haendlersuche#/search/10623/dealer/FordGK1BW9J%20%20DEU/,Holzhauser Str. 164,13509 Berlin Reinickendorf,030/40728277-70,http://ford-dinnebier-reinickendorf.de/
Automobilforum KADEA GmbH,https://www.ford.de/haendlersuche#/search/10623/dealer/FordGK1E300%20%20DEU/,Buschkrugallee 43,12359 Berlin,030/68285-0,http://ford-kadea-buschkrug-berlin.de/
Autohaus Dinnebier Filiale Ku'Damm,https://www.ford.de/haendlersuche#/search/10625/dealer/FordGK1BW9N%20%20DEU/,Karlsruher Straße 25 - 27,10711 Berlin,030/894087-100,http://ford-dinnebier-kudamm.de/
Autohaus Dinnebier Fil. Wilmersdorf,https://www.ford.de/haendlersuche#/search/10625/dealer/FordGK1BW9H%20%20DEU/,Forckenbeckstraße 94,14199 Berlin-Wilmersdorf,030/82095-0,http://ford-dinnebier-wilmersdorf.de/
Autohaus Ristow GmbH,https://www.ford.de/haendlersuche#/search/10625/dealer/FordGK1E1L0%20%20DEU/,Soltauer Str. 10,13509 Berlin,030/437783-0,http://ford-ristow-berlin.de/
Autohaus Dinnebier Filiale Spandau,https://www.ford.de/haendlersuche#/search/10625/dealer/FordGK1BW9M%20%20DEU/,Brunsbütteler Damm 192/194,13581 Berlin,030/35107-0,http://ford-dinnebier-spandau.de/
Autohaus Dinnebier Reinickendorf,https://www.ford.de/haendlersuche#/search/10625/dealer/FordGK1BW9J%20%20DEU/,Holzhauser Str. 164,13509 Berlin Reinickendorf,030/40728277-70,http://ford-dinnebier-reinickendorf.de/
Autohaus Dinnebier Filiale Ku'Damm,https://www.ford.de/haendlersuche#/search/10627/dealer/FordGK1BW9N%20%20DEU/,Karlsruher Straße 25 - 27,10711 Berlin,030/894087-100,http://ford-dinnebier-kudamm.de/
Autohaus Dinnebier Fil. Wilmersdorf,https://www.ford.de/haendlersuche#/search/10627/dealer/FordGK1BW9H%20%20DEU/,Forckenbeckstraße 94,14199 Berlin-Wilmersdorf,030/82095-0,http://ford-dinnebier-wilmersdorf.de/
Autohaus Ristow GmbH,https://www.ford.de/haendlersuche#/search/10627/dealer/FordGK1E1L0%20%20DEU/,Soltauer Str. 10,13509 Berlin,030/437783-0,http://ford-ristow-berlin.de/
Autohaus Dinnebier Filiale Spandau,https://www.ford.de/haendlersuche#/search/10627/dealer/FordGK1BW9M%20%20DEU/,Brunsbütteler Damm 192/194,13581 Berlin,030/35107-0,http://ford-dinnebier-spandau.de/
Autohaus Dinnebier Reinickendorf,https://www.ford.de/haendlersuche#/search/10627/dealer/FordGK1BW9J%20%20DEU/,Holzhauser Str. 164,13509 Berlin Reinickendorf,030/40728277-70,http://ford-dinnebier-reinickendorf.de/
Autohaus Dinnebier Filiale Ku'Damm,https://www.ford.de/haendlersuche#/search/10629/dealer/FordGK1BW9N%20%20DEU/,Karlsruher Straße 25 - 27,10711 Berlin,030/894087-100,http://ford-dinnebier-kudamm.de/
Autohaus Dinnebier Fil. Wilmersdorf,https://www.ford.de/haendlersuche#/search/10629/dealer/FordGK1BW9H%20%20DEU/,Forckenbeckstraße 94,14199 Berlin-Wilmersdorf,030/82095-0,http://ford-dinnebier-wilmersdorf.de/
Autohaus Dinnebier Filiale Spandau,https://www.ford.de/haendlersuche#/search/10629/dealer/FordGK1BW9M%20%20DEU/,Brunsbütteler Damm 192/194,13581 Berlin,030/35107-0,http://ford-dinnebier-spandau.de/
Automobilforum KADEA GmbH,https://www.ford.de/haendlersuche#/search/10629/dealer/FordGK1E30A%20%20DEU/,Görzallee 327,14167 Berlin,030/84782-3,http://ford-kadea-goerzallee-berlin.de/
Autohaus Ristow GmbH,https://www.ford.de/haendlersuche#/search/10629/dealer/FordGK1E1L0%20%20DEU/,Soltauer Str. 10,13509 Berlin,030/437783-0,http://ford-ristow-berlin.de/
Autohaus Dinnebier Filiale Ku'Damm,https://www.ford.de/haendlersuche#/search/10707/dealer/FordGK1BW9N%20%20DEU/,Karlsruher Straße 25 - 27,10711 Berlin,030/894087-100,http://ford-dinnebier-kudamm.de/
Autohaus Dinnebier Fil. Wilmersdorf,https://www.ford.de/haendlersuche#/search/10707/dealer/FordGK1BW9H%20%20DEU/,Forckenbeckstraße 94,14199 Berlin-Wilmersdorf,030/82095-0,http://ford-dinnebier-wilmersdorf.de/
Automobilforum KADEA GmbH,https://www.ford.de/haendlersuche#/search/10707/dealer/FordGK1E30A%20%20DEU/,Görzallee 327,14167 Berlin,030/84782-3,http://ford-kadea-goerzallee-berlin.de/
Automobilforum KADEA GmbH,https://www.ford.de/haendlersuche#/search/10707/dealer/FordGK1E300%20%20DEU/,Buschkrugallee 43,12359 Berlin,030/68285-0,http://ford-kadea-buschkrug-berlin.de/
Autohaus Ristow GmbH,https://www.ford.de/haendlersuche#/search/10707/dealer/FordGK1E1L0%20%20DEU/,Soltauer Str. 10,13509 Berlin,030/437783-0,http://ford-ristow-berlin.de/
Autohaus Dinnebier Filiale Ku'Damm,https://www.ford.de/haendlersuche#/search/10709/dealer/FordGK1BW9N%20%20DEU/,Karlsruher Straße 25 - 27,10711 Berlin,030/894087-100,http://ford-dinnebier-kudamm.de/
Autohaus Dinnebier Fil. Wilmersdorf,https://www.ford.de/haendlersuche#/search/10709/dealer/FordGK1BW9H%20%20DEU/,Forckenbeckstraße 94,14199 Berlin-Wilmersdorf,030/82095-0,http://ford-dinnebier-wilmersdorf.de/
Automobilforum KADEA GmbH,https://www.ford.de/haendlersuche#/search/10709/dealer/FordGK1E30A%20%20DEU/,Görzallee 327,14167 Berlin,030/84782-3,http://ford-kadea-goerzallee-berlin.de/
Automobilforum KADEA GmbH,https://www.ford.de/haendlersuche#/search/10709/dealer/FordGK1E300%20%20DEU/,Buschkrugallee 43,12359 Berlin,030/68285-0,http://ford-kadea-buschkrug-berlin.de/
Autohaus Ristow GmbH,https://www.ford.de/haendlersuche#/search/10709/dealer/FordGK1E1L0%20%20DEU/,Soltauer Str. 10,13509 Berlin,030/437783-0,http://ford-ristow-berlin.de/
Autohaus Dinnebier Filiale Ku'Damm,https://www.ford.de/haendlersuche#/search/10711/dealer/FordGK1BW9N%20%20DEU/,Karlsruher Straße 25 - 27,10711 Berlin,030/894087-100,http://ford-dinnebier-kudamm.de/
Autohaus Dinnebier Fil. Wilmersdorf,https://www.ford.de/haendlersuche#/search/10711/dealer/FordGK1BW9H%20%20DEU/,Forckenbeckstraße 94,14199 Berlin-Wilmersdorf,030/82095-0,http://ford-dinnebier-wilmersdorf.de/
Automobilforum KADEA GmbH,https://www.ford.de/haendlersuche#/search/10711/dealer/FordGK1E30A%20%20DEU/,Görzallee 327,14167 Berlin,030/84782-3,http://ford-kadea-goerzallee-berlin.de/
Autohaus Ristow GmbH,https://www.ford.de/haendlersuche#/search/10711/dealer/FordGK1E1L0%20%20DEU/,Soltauer Str. 10,13509 Berlin,030/437783-0,http://ford-ristow-berlin.de/
Autohaus Dinnebier Filiale Spandau,https://www.ford.de/haendlersuche#/search/10711/dealer/FordGK1BW9M%20%20DEU/,Brunsbütteler Damm 192/194,13581 Berlin,030/35107-0,http://ford-dinnebier-spandau.de/
Autohaus Dinnebier Fil. Wilmersdorf,https://www.ford.de/haendlersuche#/search/10713/dealer/FordGK1BW9H%20%20DEU/,Forckenbeckstraße 94,14199 Berlin-Wilmersdorf,030/82095-0,http://ford-dinnebier-wilmersdorf.de/
Autohaus Dinnebier Filiale Ku'Damm,https://www.ford.de/haendlersuche#/search/10713/dealer/FordGK1BW9N%20%20DEU/,Karlsruher Straße 25 - 27,10711 Berlin,030/894087-100,http://ford-dinnebier-kudamm.de/
Automobilforum KADEA GmbH,https://www.ford.de/haendlersuche#/search/10713/dealer/FordGK1E30A%20%20DEU/,Görzallee 327,14167 Berlin,030/84782-3,http://ford-kadea-goerzallee-berlin.de/
Automobilforum KADEA GmbH,https://www.ford.de/haendlersuche#/search/10713/dealer/FordGK1E300%20%20DEU/,Buschkrugallee 43,12359 Berlin,030/68285-0,http://ford-kadea-buschkrug-berlin.de/
Autohaus Ristow GmbH,https://www.ford.de/haendlersuche#/search/10713/dealer/FordGK1E1L0%20%20DEU/,Soltauer Str. 10,13509 Berlin,030/437783-0,http://ford-ristow-berlin.de/
Autohaus Dinnebier Fil. Wilmersdorf,https://www.ford.de/haendlersuche#/search/10715/dealer/FordGK1BW9H%20%20DEU/,Forckenbeckstraße 94,14199 Berlin-Wilmersdorf,030/82095-0,http://ford-dinnebier-wilmersdorf.de/
Autohaus Dinnebier Filiale Ku'Damm,https://www.ford.de/haendlersuche#/search/10715/dealer/FordGK1BW9N%20%20DEU/,Karlsruher Straße 25 - 27,10711 Berlin,030/894087-100,http://ford-dinnebier-kudamm.de/
Automobilforum KADEA GmbH,https://www.ford.de/haendlersuche#/search/10715/dealer/FordGK1E300%20%20DEU/,Buschkrugallee 43,12359 Berlin,030/68285-0,http://ford-kadea-buschkrug-berlin.de/
Automobilforum KADEA GmbH,https://www.ford.de/haendlersuche#/search/10715/dealer/FordGK1E30A%20%20DEU/,Görzallee 327,14167 Berlin,030/84782-3,http://ford-kadea-goerzallee-berlin.de/
Autohaus Ristow GmbH,https://www.ford.de/haendlersuche#/search/10715/dealer/FordGK1E1L0%20%20DEU/,Soltauer Str. 10,13509 Berlin,030/437783-0,http://ford-ristow-berlin.de/
Autohaus Dinnebier Fil. Wilmersdorf,https://www.ford.de/haendlersuche#/search/10717/dealer/FordGK1BW9H%20%20DEU/,Forckenbeckstraße 94,14199 Berlin-Wilmersdorf,030/82095-0,http://ford-dinnebier-wilmersdorf.de/
Autohaus Dinnebier Filiale Ku'Damm,https://www.ford.de/haendlersuche#/search/10717/dealer/FordGK1BW9N%20%20DEU/,Karlsruher Straße 25 - 27,10711 Berlin,030/894087-100,http://ford-dinnebier-kudamm.de/
Automobilforum KADEA GmbH,https://www.ford.de/haendlersuche#/search/10717/dealer/FordGK1E300%20%20DEU/,Buschkrugallee 43,12359 Berlin,030/68285-0,http://ford-kadea-buschkrug-berlin.de/
Automobilforum KADEA GmbH,https://www.ford.de/haendlersuche#/search/10717/dealer/FordGK1E30A%20%20DEU/,Görzallee 327,14167 Berlin,030/84782-3,http://ford-kadea-goerzallee-berlin.de/
Autohaus Dinnebier Filiale Pankow,https://www.ford.de/haendlersuche#/search/10717/dealer/FordGK1BW9E%20%20DEU/,Tino-Schwierzina-Straße 33,13089 Berlin,030/9120798-0,http://ford-dinnebier-pankow.de/
Autohaus Dinnebier Filiale Ku'Damm,https://www.ford.de/haendlersuche#/search/10719/dealer/FordGK1BW9N%20%20DEU/,Karlsruher Straße 25 - 27,10711 Berlin,030/894087-100,http://ford-dinnebier-kudamm.de/
Autohaus Dinnebier Fil. Wilmersdorf,https://www.ford.de/haendlersuche#/search/10719/dealer/FordGK1BW9H%20%20DEU/,Forckenbeckstraße 94,14199 Berlin-Wilmersdorf,030/82095-0,http://ford-dinnebier-wilmersdorf.de/
Automobilforum KADEA GmbH,https://www.ford.de/haendlersuche#/search/10719/dealer/FordGK1E30A%20%20DEU/,Görzallee 327,14167 Berlin,030/84782-3,http://ford-kadea-goerzallee-berlin.de/
Autohaus Dinnebier Filiale Pankow,https://www.ford.de/haendlersuche#/search/10719/dealer/FordGK1BW9E%20%20DEU/,Tino-Schwierzina-Straße 33,13089 Berlin,030/9120798-0,http://ford-dinnebier-pankow.de/
Automobilforum KADEA GmbH,https://www.ford.de/haendlersuche#/search/10719/dealer/FordGK1E300%20%20DEU/,Buschkrugallee 43,12359 Berlin,030/68285-0,http://ford-kadea-buschkrug-berlin.de/
Autohaus Dinnebier Filiale Ku'Damm,https://www.ford.de/haendlersuche#/search/10777/dealer/FordGK1BW9N%20%20DEU/,Karlsruher Straße 25 - 27,10711 Berlin,030/894087-100,http://ford-dinnebier-kudamm.de/
Autohaus Dinnebier Fil. Wilmersdorf,https://www.ford.de/haendlersuche#/search/10777/dealer/FordGK1BW9H%20%20DEU/,Forckenbeckstraße 94,14199 Berlin-Wilmersdorf,030/82095-0,http://ford-dinnebier-wilmersdorf.de/
Automobilforum KADEA GmbH,https://www.ford.de/haendlersuche#/search/10777/dealer/FordGK1E300%20%20DEU/,Buschkrugallee 43,12359 Berlin,030/68285-0,http://ford-kadea-buschkrug-berlin.de/
Autohaus Dinnebier Filiale Pankow,https://www.ford.de/haendlersuche#/search/10777/dealer/FordGK1BW9E%20%20DEU/,Tino-Schwierzina-Straße 33,13089 Berlin,030/9120798-0,http://ford-dinnebier-pankow.de/
Autohaus Standhardt,https://www.ford.de/haendlersuche#/search/10777/dealer/FordGK2HK92%20%20DEU/,Coppistraße 5,10365 Berlin,030/29492355,http://ford-standhardt-berlin.de/
Autohaus Dinnebier Fil. Wilmersdorf,https://www.ford.de/haendlersuche#/search/10779/dealer/FordGK1BW9H%20%20DEU/,Forckenbeckstraße 94,14199 Berlin-Wilmersdorf,030/82095-0,http://ford-dinnebier-wilmersdorf.de/
Autohaus Dinnebier Filiale Ku'Damm,https://www.ford.de/haendlersuche#/search/10779/dealer/FordGK1BW9N%20%20DEU/,Karlsruher Straße 25 - 27,10711 Berlin,030/894087-100,http://ford-dinnebier-kudamm.de/
Automobilforum KADEA GmbH,https://www.ford.de/haendlersuche#/search/10779/dealer/FordGK1E300%20%20DEU/,Buschkrugallee 43,12359 Berlin,030/68285-0,http://ford-kadea-buschkrug-berlin.de/
Automobilforum KADEA GmbH,https://www.ford.de/haendlersuche#/search/10779/dealer/FordGK1E30A%20%20DEU/,Görzallee 327,14167 Berlin,030/84782-3,http://ford-kadea-goerzallee-berlin.de/
Autohaus Dinnebier Filiale Pankow,https://www.ford.de/haendlersuche#/search/10779/dealer/FordGK1BW9E%20%20DEU/,Tino-Schwierzina-Straße 33,13089 Berlin,030/9120798-0,http://ford-dinnebier-pankow.de/
Autohaus Dinnebier Fil. Wilmersdorf,https://www.ford.de/haendlersuche#/search/10781/dealer/FordGK1BW9H%20%20DEU/,Forckenbeckstraße 94,14199 Berlin-Wilmersdorf,030/82095-0,http://ford-dinnebier-wilmersdorf.de/
Autohaus Dinnebier Filiale Ku'Damm,https://www.ford.de/haendlersuche#/search/10781/dealer/FordGK1BW9N%20%20DEU/,Karlsruher Straße 25 - 27,10711 Berlin,030/894087-100,http://ford-dinnebier-kudamm.de/
Automobilforum KADEA GmbH,https://www.ford.de/haendlersuche#/search/10781/dealer/FordGK1E300%20%20DEU/,Buschkrugallee 43,12359 Berlin,030/68285-0,http://ford-kadea-buschkrug-berlin.de/
Autohaus Dinnebier Filiale Pankow,https://www.ford.de/haendlersuche#/search/10781/dealer/FordGK1BW9E%20%20DEU/,Tino-Schwierzina-Straße 33,13089 Berlin,030/9120798-0,http://ford-dinnebier-pankow.de/
Autohaus Standhardt,https://www.ford.de/haendlersuche#/search/10781/dealer/FordGK2HK92%20%20DEU/,Coppistraße 5,10365 Berlin,030/29492355,http://ford-standhardt-berlin.de/
Autohaus Dinnebier Filiale Ku'Damm,https://www.ford.de/haendlersuche#/search/10783/dealer/FordGK1BW9N%20%20DEU/,Karlsruher Straße 25 - 27,10711 Berlin,030/894087-100,http://ford-dinnebier-kudamm.de/
Autohaus Dinnebier Fil. Wilmersdorf,https://www.ford.de/haendlersuche#/search/10783/dealer/FordGK1BW9H%20%20DEU/,Forckenbeckstraße 94,14199 Berlin-Wilmersdorf,030/82095-0,http://ford-dinnebier-wilmersdorf.de/
Autohaus Dinnebier Filiale Pankow,https://www.ford.de/haendlersuche#/search/10783/dealer/FordGK1BW9E%20%20DEU/,Tino-Schwierzina-Straße 33,13089 Berlin,030/9120798-0,http://ford-dinnebier-pankow.de/
Automobilforum KADEA GmbH,https://www.ford.de/haendlersuche#/search/10783/dealer/FordGK1E300%20%20DEU/,Buschkrugallee 43,12359 Berlin,030/68285-0,http://ford-kadea-buschkrug-berlin.de/
Autohaus Standhardt,https://www.ford.de/haendlersuche#/search/10783/dealer/FordGK2HK92%20%20DEU/,Coppistraße 5,10365 Berlin,030/29492355,http://ford-standhardt-berlin.de/
Autohaus Dinnebier Filiale Ku'Damm,https://www.ford.de/haendlersuche#/search/10785/dealer/FordGK1BW9N%20%20DEU/,Karlsruher Straße 25 - 27,10711 Berlin,030/894087-100,http://ford-dinnebier-kudamm.de/
Autohaus Dinnebier Fil. Wilmersdorf,https://www.ford.de/haendlersuche#/search/10785/dealer/FordGK1BW9H%20%20DEU/,Forckenbeckstraße 94,14199 Berlin-Wilmersdorf,030/82095-0,http://ford-dinnebier-wilmersdorf.de/
Autohaus Dinnebier Filiale Pankow,https://www.ford.de/haendlersuche#/search/10785/dealer/FordGK1BW9E%20%20DEU/,Tino-Schwierzina-Straße 33,13089 Berlin,030/9120798-0,http://ford-dinnebier-pankow.de/
Autohaus Standhardt,https://www.ford.de/haendlersuche#/search/10785/dealer/FordGK2HK92%20%20DEU/,Coppistraße 5,10365 Berlin,030/29492355,http://ford-standhardt-berlin.de/
Autohaus Dinnebier Fil. Lichtenberg,https://www.ford.de/haendlersuche#/search/10785/dealer/FordGK1BW9G%20%20DEU/,Siegfriedstr. 79,10365 Berlin,030/55767-0,http://ford-dinnebier-lichtenberg.de/
Autohaus Dinnebier Filiale Ku'Damm,https://www.ford.de/haendlersuche#/search/10787/dealer/FordGK1BW9N%20%20DEU/,Karlsruher Straße 25 - 27,10711 Berlin,030/894087-100,http://ford-dinnebier-kudamm.de/
Autohaus Dinnebier Fil. Wilmersdorf,https://www.ford.de/haendlersuche#/search/10787/dealer/FordGK1BW9H%20%20DEU/,Forckenbeckstraße 94,14199 Berlin-Wilmersdorf,030/82095-0,http://ford-dinnebier-wilmersdorf.de/
Automobilforum KADEA GmbH,https://www.ford.de/haendlersuche#/search/10787/dealer/FordGK1E300%20%20DEU/,Buschkrugallee 43,12359 Berlin,030/68285-0,http://ford-kadea-buschkrug-berlin.de/
Autohaus Ristow GmbH,https://www.ford.de/haendlersuche#/search/10787/dealer/FordGK1E1L0%20%20DEU/,Soltauer Str. 10,13509 Berlin,030/437783-0,http://ford-ristow-berlin.de/
Autohaus Standhardt,https://www.ford.de/haendlersuche#/search/10787/dealer/FordGK2HK92%20%20DEU/,Coppistraße 5,10365 Berlin,030/29492355,http://ford-standhardt-berlin.de/
Autohaus Dinnebier Filiale Ku'Damm,https://www.ford.de/haendlersuche#/search/10789/dealer/FordGK1BW9N%20%20DEU/,Karlsruher Straße 25 - 27,10711 Berlin,030/894087-100,http://ford-dinnebier-kudamm.de/
Autohaus Dinnebier Fil. Wilmersdorf,https://www.ford.de/haendlersuche#/search/10789/dealer/FordGK1BW9H%20%20DEU/,Forckenbeckstraße 94,14199 Berlin-Wilmersdorf,030/82095-0,http://ford-dinnebier-wilmersdorf.de/
Automobilforum KADEA GmbH,https://www.ford.de/haendlersuche#/search/10789/dealer/FordGK1E300%20%20DEU/,Buschkrugallee 43,12359 Berlin,030/68285-0,http://ford-kadea-buschkrug-berlin.de/
Autohaus Standhardt,https://www.ford.de/haendlersuche#/search/10789/dealer/FordGK2HK92%20%20DEU/,Coppistraße 5,10365 Berlin,030/29492355,http://ford-standhardt-berlin.de/
Automobilforum KADEA GmbH,https://www.ford.de/haendlersuche#/search/10789/dealer/FordGK1E30A%20%20DEU/,Görzallee 327,14167 Berlin,030/84782-3,http://ford-kadea-goerzallee-berlin.de/
Autohaus Dinnebier Fil. Wilmersdorf,https://www.ford.de/haendlersuche#/search/10823/dealer/FordGK1BW9H%20%20DEU/,Forckenbeckstraße 94,14199 Berlin-Wilmersdorf,030/82095-0,http://ford-dinnebier-wilmersdorf.de/
Autohaus Dinnebier Filiale Ku'Damm,https://www.ford.de/haendlersuche#/search/10823/dealer/FordGK1BW9N%20%20DEU/,Karlsruher Straße 25 - 27,10711 Berlin,030/894087-100,http://ford-dinnebier-kudamm.de/
Automobilforum KADEA GmbH,https://www.ford.de/haendlersuche#/search/10823/dealer/FordGK1E300%20%20DEU/,Buschkrugallee 43,12359 Berlin,030/68285-0,http://ford-kadea-buschkrug-berlin.de/
Automobilforum KADEA GmbH,https://www.ford.de/haendlersuche#/search/10823/dealer/FordGK1E30A%20%20DEU/,Görzallee 327,14167 Berlin,030/84782-3,http://ford-kadea-goerzallee-berlin.de/
Autohaus Dinnebier Filiale Pankow,https://www.ford.de/haendlersuche#/search/10823/dealer/FordGK1BW9E%20%20DEU/,Tino-Schwierzina-Straße 33,13089 Berlin,030/9120798-0,http://ford-dinnebier-pankow.de/
Autohaus Dinnebier Fil. Wilmersdorf,https://www.ford.de/haendlersuche#/search/10825/dealer/FordGK1BW9H%20%20DEU/,Forckenbeckstraße 94,14199 Berlin-Wilmersdorf,030/82095-0,http://ford-dinnebier-wilmersdorf.de/
Autohaus Dinnebier Filiale Ku'Damm,https://www.ford.de/haendlersuche#/search/10825/dealer/FordGK1BW9N%20%20DEU/,Karlsruher Straße 25 - 27,10711 Berlin,030/894087-100,http://ford-dinnebier-kudamm.de/
Automobilforum KADEA GmbH,https://www.ford.de/haendlersuche#/search/10825/dealer/FordGK1E300%20%20DEU/,Buschkrugallee 43,12359 Berlin,030/68285-0,http://ford-kadea-buschkrug-berlin.de/
Automobilforum KADEA GmbH,https://www.ford.de/haendlersuche#/search/10825/dealer/FordGK1E30A%20%20DEU/,Görzallee 327,14167 Berlin,030/84782-3,http://ford-kadea-goerzallee-berlin.de/
Autohaus Dinnebier Filiale Pankow,https://www.ford.de/haendlersuche#/search/10825/dealer/FordGK1BW9E%20%20DEU/,Tino-Schwierzina-Straße 33,13089 Berlin,030/9120798-0,http://ford-dinnebier-pankow.de/
Autohaus Dinnebier Fil. Wilmersdorf,https://www.ford.de/haendlersuche#/search/10827/dealer/FordGK1BW9H%20%20DEU/,Forckenbeckstraße 94,14199 Berlin-Wilmersdorf,030/82095-0,http://ford-dinnebier-wilmersdorf.de/
Autohaus Dinnebier Filiale Ku'Damm,https://www.ford.de/haendlersuche#/search/10827/dealer/FordGK1BW9N%20%20DEU/,Karlsruher Straße 25 - 27,10711 Berlin,030/894087-100,http://ford-dinnebier-kudamm.de/
Automobilforum KADEA GmbH,https://www.ford.de/haendlersuche#/search/10827/dealer/FordGK1E300%20%20DEU/,Buschkrugallee 43,12359 Berlin,030/68285-0,http://ford-kadea-buschkrug-berlin.de/
Automobilforum KADEA GmbH,https://www.ford.de/haendlersuche#/search/10827/dealer/FordGK1E30A%20%20DEU/,Görzallee 327,14167 Berlin,030/84782-3,http://ford-kadea-goerzallee-berlin.de/
Autohaus Dinnebier Filiale Pankow,https://www.ford.de/haendlersuche#/search/10827/dealer/FordGK1BW9E%20%20DEU/,Tino-Schwierzina-Straße 33,13089 Berlin,030/9120798-0,http://ford-dinnebier-pankow.de/
Autohaus Dinnebier Fil. Wilmersdorf,https://www.ford.de/haendlersuche#/search/10829/dealer/FordGK1BW9H%20%20DEU/,Forckenbeckstraße 94,14199 Berlin-Wilmersdorf,030/82095-0,http://ford-dinnebier-wilmersdorf.de/
Automobilforum KADEA GmbH,https://www.ford.de/haendlersuche#/search/10829/dealer/FordGK1E300%20%20DEU/,Buschkrugallee 43,12359 Berlin,030/68285-0,http://ford-kadea-buschkrug-berlin.de/
Autohaus Dinnebier Filiale Ku'Damm,https://www.ford.de/haendlersuche#/search/10829/dealer/FordGK1BW9N%20%20DEU/,Karlsruher Straße 25 - 27,10711 Berlin,030/894087-100,http://ford-dinnebier-kudamm.de/
Automobilforum KADEA GmbH,https://www.ford.de/haendlersuche#/search/10829/dealer/FordGK1E30A%20%20DEU/,Görzallee 327,14167 Berlin,030/84782-3,http://ford-kadea-goerzallee-berlin.de/
Autohaus Dinnebier Filiale Pankow,https://www.ford.de/haendlersuche#/search/10829/dealer/FordGK1BW9E%20%20DEU/,Tino-Schwierzina-Straße 33,13089 Berlin,030/9120798-0,http://ford-dinnebier-pankow.de/
Automobilforum KADEA GmbH,https://www.ford.de/haendlersuche#/search/10961/dealer/FordGK1E300%20%20DEU/,Buschkrugallee 43,12359 Berlin,030/68285-0,http://ford-kadea-buschkrug-berlin.de/
Autohaus Dinnebier Filiale Pankow,https://www.ford.de/haendlersuche#/search/10961/dealer/FordGK1BW9E%20%20DEU/,Tino-Schwierzina-Straße 33,13089 Berlin,030/9120798-0,http://ford-dinnebier-pankow.de/
Autohaus Dinnebier Fil. Wilmersdorf,https://www.ford.de/haendlersuche#/search/10961/dealer/FordGK1BW9H%20%20DEU/,Forckenbeckstraße 94,14199 Berlin-Wilmersdorf,030/82095-0,http://ford-dinnebier-wilmersdorf.de/
Autohaus Standhardt,https://www.ford.de/haendlersuche#/search/10961/dealer/FordGK2HK92%20%20DEU/,Coppistraße 5,10365 Berlin,030/29492355,http://ford-standhardt-berlin.de/
Autohaus Dinnebier Fil. Lichtenberg,https://www.ford.de/haendlersuche#/search/10961/dealer/FordGK1BW9G%20%20DEU/,Siegfriedstr. 79,10365 Berlin,030/55767-0,http://ford-dinnebier-lichtenberg.de/
Automobilforum KADEA GmbH,https://www.ford.de/haendlersuche#/search/10963/dealer/FordGK1E300%20%20DEU/,Buschkrugallee 43,12359 Berlin,030/68285-0,http://ford-kadea-buschkrug-berlin.de/
Autohaus Dinnebier Filiale Pankow,https://www.ford.de/haendlersuche#/search/10963/dealer/FordGK1BW9E%20%20DEU/,Tino-Schwierzina-Straße 33,13089 Berlin,030/9120798-0,http://ford-dinnebier-pankow.de/
Autohaus Dinnebier Fil. Wilmersdorf,https://www.ford.de/haendlersuche#/search/10963/dealer/FordGK1BW9H%20%20DEU/,Forckenbeckstraße 94,14199 Berlin-Wilmersdorf,030/82095-0,http://ford-dinnebier-wilmersdorf.de/
Autohaus Standhardt,https://www.ford.de/haendlersuche#/search/10963/dealer/FordGK2HK92%20%20DEU/,Coppistraße 5,10365 Berlin,030/29492355,http://ford-standhardt-berlin.de/
Autohaus Dinnebier Fil. Lichtenberg,https://www.ford.de/haendlersuche#/search/10963/dealer/FordGK1BW9G%20%20DEU/,Siegfriedstr. 79,10365 Berlin,030/55767-0,http://ford-dinnebier-lichtenberg.de/
Automobilforum KADEA GmbH,https://www.ford.de/haendlersuche#/search/10965/dealer/FordGK1E300%20%20DEU/,Buschkrugallee 43,12359 Berlin,030/68285-0,http://ford-kadea-buschkrug-berlin.de/
Autohaus Standhardt,https://www.ford.de/haendlersuche#/search/10965/dealer/FordGK2HK92%20%20DEU/,Coppistraße 5,10365 Berlin,030/29492355,http://ford-standhardt-berlin.de/
Autohaus Dinnebier Fil. Wilmersdorf,https://www.ford.de/haendlersuche#/search/10965/dealer/FordGK1BW9H%20%20DEU/,Forckenbeckstraße 94,14199 Berlin-Wilmersdorf,030/82095-0,http://ford-dinnebier-wilmersdorf.de/
Autohaus Dinnebier Filiale Pankow,https://www.ford.de/haendlersuche#/search/10965/dealer/FordGK1BW9E%20%20DEU/,Tino-Schwierzina-Straße 33,13089 Berlin,030/9120798-0,http://ford-dinnebier-pankow.de/
Autohaus Dinnebier Filiale Ku'Damm,https://www.ford.de/haendlersuche#/search/10965/dealer/FordGK1BW9N%20%20DEU/,Karlsruher Straße 25 - 27,10711 Berlin,030/894087-100,http://ford-dinnebier-kudamm.de/
Automobilforum KADEA GmbH,https://www.ford.de/haendlersuche#/search/10967/dealer/FordGK1E300%20%20DEU/,Buschkrugallee 43,12359 Berlin,030/68285-0,http://ford-kadea-buschkrug-berlin.de/
Autohaus Standhardt,https://www.ford.de/haendlersuche#/search/10967/dealer/FordGK2HK92%20%20DEU/,Coppistraße 5,10365 Berlin,030/29492355,http://ford-standhardt-berlin.de/
Autohaus Dinnebier Filiale Köpenick,https://www.ford.de/haendlersuche#/search/10967/dealer/FordGK1BW9F%20%20DEU/,Bruno-Bürgel-Weg 70 - 80,12439 Berlin-Köpenick,030/6706969-0,http://ford-dinnebier-koepenick.de/
Autohaus Dinnebier Filiale Pankow,https://www.ford.de/haendlersuche#/search/10967/dealer/FordGK1BW9E%20%20DEU/,Tino-Schwierzina-Straße 33,13089 Berlin,030/9120798-0,http://ford-dinnebier-pankow.de/
Autohaus Dinnebier Fil. Wilmersdorf,https://www.ford.de/haendlersuche#/search/10967/dealer/FordGK1BW9H%20%20DEU/,Forckenbeckstraße 94,14199 Berlin-Wilmersdorf,030/82095-0,http://ford-dinnebier-wilmersdorf.de/
Autohaus Standhardt,https://www.ford.de/haendlersuche#/search/10969/dealer/FordGK2HK92%20%20DEU/,Coppistraße 5,10365 Berlin,030/29492355,http://ford-standhardt-berlin.de/
Autohaus Dinnebier Filiale Pankow,https://www.ford.de/haendlersuche#/search/10969/dealer/FordGK1BW9E%20%20DEU/,Tino-Schwierzina-Straße 33,13089 Berlin,030/9120798-0,http://ford-dinnebier-pankow.de/
Automobilforum KADEA GmbH,https://www.ford.de/haendlersuche#/search/10969/dealer/FordGK1E300%20%20DEU/,Buschkrugallee 43,12359 Berlin,030/68285-0,http://ford-kadea-buschkrug-berlin.de/
Autohaus Dinnebier Fil. Lichtenberg,https://www.ford.de/haendlersuche#/search/10969/dealer/FordGK1BW9G%20%20DEU/,Siegfriedstr. 79,10365 Berlin,030/55767-0,http://ford-dinnebier-lichtenberg.de/
Autohaus Domes,https://www.ford.de/haendlersuche#/search/10969/dealer/FordGK2HA94%20%20DEU/,Hansastr. 187,13088 Berlin,030/9268596,http://www.ford-domes-berlin.de/
Autohaus Standhardt,https://www.ford.de/haendlersuche#/search/10997/dealer/FordGK2HK92%20%20DEU/,Coppistraße 5,10365 Berlin,030/29492355,http://ford-standhardt-berlin.de/
Automobilforum KADEA GmbH,https://www.ford.de/haendlersuche#/search/10997/dealer/FordGK1E300%20%20DEU/,Buschkrugallee 43,12359 Berlin,030/68285-0,http://ford-kadea-buschkrug-berlin.de/
Autohaus Dinnebier Fil. Lichtenberg,https://www.ford.de/haendlersuche#/search/10997/dealer/FordGK1BW9G%20%20DEU/,Siegfriedstr. 79,10365 Berlin,030/55767-0,http://ford-dinnebier-lichtenberg.de/
Autohaus Dinnebier Filiale Pankow,https://www.ford.de/haendlersuche#/search/10997/dealer/FordGK1BW9E%20%20DEU/,Tino-Schwierzina-Straße 33,13089 Berlin,030/9120798-0,http://ford-dinnebier-pankow.de/
Autohaus Dinnebier Filiale Köpenick,https://www.ford.de/haendlersuche#/search/10997/dealer/FordGK1BW9F%20%20DEU/,Bruno-Bürgel-Weg 70 - 80,12439 Berlin-Köpenick,030/6706969-0,http://ford-dinnebier-koepenick.de/
Automobilforum KADEA GmbH,https://www.ford.de/haendlersuche#/search/10999/dealer/FordGK1E300%20%20DEU/,Buschkrugallee 43,12359 Berlin,030/68285-0,http://ford-kadea-buschkrug-berlin.de/
Autohaus Standhardt,https://www.ford.de/haendlersuche#/search/10999/dealer/FordGK2HK92%20%20DEU/,Coppistraße 5,10365 Berlin,030/29492355,http://ford-standhardt-berlin.de/
Autohaus Dinnebier Fil. Lichtenberg,https://www.ford.de/haendlersuche#/search/10999/dealer/FordGK1BW9G%20%20DEU/,Siegfriedstr. 79,10365 Berlin,030/55767-0,http://ford-dinnebier-lichtenberg.de/
Autohaus Dinnebier Filiale Pankow,https://www.ford.de/haendlersuche#/search/10999/dealer/FordGK1BW9E%20%20DEU/,Tino-Schwierzina-Straße 33,13089 Berlin,030/9120798-0,http://ford-dinnebier-pankow.de/
Auto-Stephan KG,https://www.ford.de/haendlersuche#/search/10999/dealer/FordGK1HAJ0%20%20DEU/,Ursula-Goetze-Str. 8 - 10,10318 Berlin,030/501069-0,http://ford-stephan-berlin.de/
Automobilforum KADEA GmbH,https://www.ford.de/haendlersuche#/search/12043/dealer/FordGK1E300%20%20DEU/,Buschkrugallee 43,12359 Berlin,030/68285-0,http://ford-kadea-buschkrug-berlin.de/
Autohaus Standhardt,https://www.ford.de/haendlersuche#/search/12043/dealer/FordGK2HK92%20%20DEU/,Coppistraße 5,10365 Berlin,030/29492355,http://ford-standhardt-berlin.de/
Autohaus Dinnebier Filiale Köpenick,https://www.ford.de/haendlersuche#/search/12043/dealer/FordGK1BW9F%20%20DEU/,Bruno-Bürgel-Weg 70 - 80,12439 Berlin-Köpenick,030/6706969-0,http://ford-dinnebier-koepenick.de/
Autohaus Dinnebier Fil. Lichtenberg,https://www.ford.de/haendlersuche#/search/12043/dealer/FordGK1BW9G%20%20DEU/,Siegfriedstr. 79,10365 Berlin,030/55767-0,http://ford-dinnebier-lichtenberg.de/
Auto-Stephan KG,https://www.ford.de/haendlersuche#/search/12043/dealer/FordGK1HAJ0%20%20DEU/,Ursula-Goetze-Str. 8 - 10,10318 Berlin,030/501069-0,http://ford-stephan-berlin.de/
Automobilforum KADEA GmbH,https://www.ford.de/haendlersuche#/search/12045/dealer/FordGK1E300%20%20DEU/,Buschkrugallee 43,12359 Berlin,030/68285-0,http://ford-kadea-buschkrug-berlin.de/
Autohaus Standhardt,https://www.ford.de/haendlersuche#/search/12045/dealer/FordGK2HK92%20%20DEU/,Coppistraße 5,10365 Berlin,030/29492355,http://ford-standhardt-berlin.de/
Autohaus Dinnebier Fil. Lichtenberg,https://www.ford.de/haendlersuche#/search/12045/dealer/FordGK1BW9G%20%20DEU/,Siegfriedstr. 79,10365 Berlin,030/55767-0,http://ford-dinnebier-lichtenberg.de/
Auto-Stephan KG,https://www.ford.de/haendlersuche#/search/12045/dealer/FordGK1HAJ0%20%20DEU/,Ursula-Goetze-Str. 8 - 10,10318 Berlin,030/501069-0,http://ford-stephan-berlin.de/
Autohaus Dinnebier Filiale Köpenick,https://www.ford.de/haendlersuche#/search/12045/dealer/FordGK1BW9F%20%20DEU/,Bruno-Bürgel-Weg 70 - 80,12439 Berlin-Köpenick,030/6706969-0,http://ford-dinnebier-koepenick.de/
Automobilforum KADEA GmbH,https://www.ford.de/haendlersuche#/search/12047/dealer/FordGK1E300%20%20DEU/,Buschkrugallee 43,12359 Berlin,030/68285-0,http://ford-kadea-buschkrug-berlin.de/
Autohaus Standhardt,https://www.ford.de/haendlersuche#/search/12047/dealer/FordGK2HK92%20%20DEU/,Coppistraße 5,10365 Berlin,030/29492355,http://ford-standhardt-berlin.de/
Autohaus Dinnebier Fil. Lichtenberg,https://www.ford.de/haendlersuche#/search/12047/dealer/FordGK1BW9G%20%20DEU/,Siegfriedstr. 79,10365 Berlin,030/55767-0,http://ford-dinnebier-lichtenberg.de/
Auto-Stephan KG,https://www.ford.de/haendlersuche#/search/12047/dealer/FordGK1HAJ0%20%20DEU/,Ursula-Goetze-Str. 8 - 10,10318 Berlin,030/501069-0,http://ford-stephan-berlin.de/
Autohaus Dinnebier Filiale Köpenick,https://www.ford.de/haendlersuche#/search/12047/dealer/FordGK1BW9F%20%20DEU/,Bruno-Bürgel-Weg 70 - 80,12439 Berlin-Köpenick,030/6706969-0,http://ford-dinnebier-koepenick.de/
Automobilforum KADEA GmbH,https://www.ford.de/haendlersuche#/search/12049/dealer/FordGK1E300%20%20DEU/,Buschkrugallee 43,12359 Berlin,030/68285-0,http://ford-kadea-buschkrug-berlin.de/
Autohaus Standhardt,https://www.ford.de/haendlersuche#/search/12049/dealer/FordGK2HK92%20%20DEU/,Coppistraße 5,10365 Berlin,030/29492355,http://ford-standhardt-berlin.de/
Autohaus Dinnebier Fil. Lichtenberg,https://www.ford.de/haendlersuche#/search/12049/dealer/FordGK1BW9G%20%20DEU/,Siegfriedstr. 79,10365 Berlin,030/55767-0,http://ford-dinnebier-lichtenberg.de/
Auto-Stephan KG,https://www.ford.de/haendlersuche#/search/12049/dealer/FordGK1HAJ0%20%20DEU/,Ursula-Goetze-Str. 8 - 10,10318 Berlin,030/501069-0,http://ford-stephan-berlin.de/
Auto Mücke GmbH,https://www.ford.de/haendlersuche#/search/12049/dealer/FordGK1E1M0%20%20DEU/,Korkedamm 6,12524 Berlin,030/67288-23/-24,http://ford-muecke-berlin.de/
Automobilforum KADEA GmbH,https://www.ford.de/haendlersuche#/search/12051/dealer/FordGK1E300%20%20DEU/,Buschkrugallee 43,12359 Berlin,030/68285-0,http://ford-kadea-buschkrug-berlin.de/
Autohaus Standhardt,https://www.ford.de/haendlersuche#/search/12051/dealer/FordGK2HK92%20%20DEU/,Coppistraße 5,10365 Berlin,030/29492355,http://ford-standhardt-berlin.de/
Auto Mücke GmbH,https://www.ford.de/haendlersuche#/search/12051/dealer/FordGK1E1M0%20%20DEU/,Korkedamm 6,12524 Berlin,030/67288-23/-24,http://ford-muecke-berlin.de/
Autohaus Dinnebier Filiale Köpenick,https://www.ford.de/haendlersuche#/search/12051/dealer/FordGK1BW9F%20%20DEU/,Bruno-Bürgel-Weg 70 - 80,12439 Berlin-Köpenick,030/6706969-0,http://ford-dinnebier-koepenick.de/
Autohaus Dinnebier Fil. Wilmersdorf,https://www.ford.de/haendlersuche#/search/12051/dealer/FordGK1BW9H%20%20DEU/,Forckenbeckstraße 94,14199 Berlin-Wilmersdorf,030/82095-0,http://ford-dinnebier-wilmersdorf.de/
Automobilforum KADEA GmbH,https://www.ford.de/haendlersuche#/search/12053/dealer/FordGK1E300%20%20DEU/,Buschkrugallee 43,12359 Berlin,030/68285-0,http://ford-kadea-buschkrug-berlin.de/
Autohaus Standhardt,https://www.ford.de/haendlersuche#/search/12053/dealer/FordGK2HK92%20%20DEU/,Coppistraße 5,10365 Berlin,030/29492355,http://ford-standhardt-berlin.de/
Autohaus Dinnebier Fil. Lichtenberg,https://www.ford.de/haendlersuche#/search/12053/dealer/FordGK1BW9G%20%20DEU/,Siegfriedstr. 79,10365 Berlin,030/55767-0,http://ford-dinnebier-lichtenberg.de/
Auto Mücke GmbH,https://www.ford.de/haendlersuche#/search/12053/dealer/FordGK1E1M0%20%20DEU/,Korkedamm 6,12524 Berlin,030/67288-23/-24,http://ford-muecke-berlin.de/
Auto-Stephan KG,https://www.ford.de/haendlersuche#/search/12053/dealer/FordGK1HAJ0%20%20DEU/,Ursula-Goetze-Str. 8 - 10,10318 Berlin,030/501069-0,http://ford-stephan-berlin.de/
Automobilforum KADEA GmbH,https://www.ford.de/haendlersuche#/search/12055/dealer/FordGK1E300%20%20DEU/,Buschkrugallee 43,12359 Berlin,030/68285-0,http://ford-kadea-buschkrug-berlin.de/
Autohaus Standhardt,https://www.ford.de/haendlersuche#/search/12055/dealer/FordGK2HK92%20%20DEU/,Coppistraße 5,10365 Berlin,030/29492355,http://ford-standhardt-berlin.de/
Autohaus Dinnebier Filiale Köpenick,https://www.ford.de/haendlersuche#/search/12055/dealer/FordGK1BW9F%20%20DEU/,Bruno-Bürgel-Weg 70 - 80,12439 Berlin-Köpenick,030/6706969-0,http://ford-dinnebier-koepenick.de/
Autohaus Dinnebier Fil. Lichtenberg,https://www.ford.de/haendlersuche#/search/12055/dealer/FordGK1BW9G%20%20DEU/,Siegfriedstr. 79,10365 Berlin,030/55767-0,http://ford-dinnebier-lichtenberg.de/
Auto Mücke GmbH,https://www.ford.de/haendlersuche#/search/12055/dealer/FordGK1E1M0%20%20DEU/,Korkedamm 6,12524 Berlin,030/67288-23/-24,http://ford-muecke-berlin.de/
Automobilforum KADEA GmbH,https://www.ford.de/haendlersuche#/search/12057/dealer/FordGK1E300%20%20DEU/,Buschkrugallee 43,12359 Berlin,030/68285-0,http://ford-kadea-buschkrug-berlin.de/
Autohaus Standhardt,https://www.ford.de/haendlersuche#/search/12057/dealer/FordGK2HK92%20%20DEU/,Coppistraße 5,10365 Berlin,030/29492355,http://ford-standhardt-berlin.de/
Autohaus Dinnebier Filiale Köpenick,https://www.ford.de/haendlersuche#/search/12057/dealer/FordGK1BW9F%20%20DEU/,Bruno-Bürgel-Weg 70 - 80,12439 Berlin-Köpenick,030/6706969-0,http://ford-dinnebier-koepenick.de/
Auto-Stephan KG,https://www.ford.de/haendlersuche#/search/12057/dealer/FordGK1HAJ0%20%20DEU/,Ursula-Goetze-Str. 8 - 10,10318 Berlin,030/501069-0,http://ford-stephan-berlin.de/
Autohaus Dinnebier Fil. Lichtenberg,https://www.ford.de/haendlersuche#/search/12057/dealer/FordGK1BW9G%20%20DEU/,Siegfriedstr. 79,10365 Berlin,030/55767-0,http://ford-dinnebier-lichtenberg.de/
Automobilforum KADEA GmbH,https://www.ford.de/haendlersuche#/search/12059/dealer/FordGK1E300%20%20DEU/,Buschkrugallee 43,12359 Berlin,030/68285-0,http://ford-kadea-buschkrug-berlin.de/
Autohaus Standhardt,https://www.ford.de/haendlersuche#/search/12059/dealer/FordGK2HK92%20%20DEU/,Coppistraße 5,10365 Berlin,030/29492355,http://ford-standhardt-berlin.de/
Autohaus Dinnebier Filiale Köpenick,https://www.ford.de/haendlersuche#/search/12059/dealer/FordGK1BW9F%20%20DEU/,Bruno-Bürgel-Weg 70 - 80,12439 Berlin-Köpenick,030/6706969-0,http://ford-dinnebier-koepenick.de/
Autohaus Dinnebier Fil. Lichtenberg,https://www.ford.de/haendlersuche#/search/12059/dealer/FordGK1BW9G%20%20DEU/,Siegfriedstr. 79,10365 Berlin,030/55767-0,http://ford-dinnebier-lichtenberg.de/
Auto-Stephan KG,https://www.ford.de/haendlersuche#/search/12059/dealer/FordGK1HAJ0%20%20DEU/,Ursula-Goetze-Str. 8 - 10,10318 Berlin,030/501069-0,http://ford-stephan-berlin.de/
Automobilforum KADEA GmbH,https://www.ford.de/haendlersuche#/search/12099/dealer/FordGK1E300%20%20DEU/,Buschkrugallee 43,12359 Berlin,030/68285-0,http://ford-kadea-buschkrug-berlin.de/
Autohaus Dinnebier Fil. Wilmersdorf,https://www.ford.de/haendlersuche#/search/12099/dealer/FordGK1BW9H%20%20DEU/,Forckenbeckstraße 94,14199 Berlin-Wilmersdorf,030/82095-0,http://ford-dinnebier-wilmersdorf.de/
Autohaus Dinnebier Filiale Ku'Damm,https://www.ford.de/haendlersuche#/search/12099/dealer/FordGK1BW9N%20%20DEU/,Karlsruher Straße 25 - 27,10711 Berlin,030/894087-100,http://ford-dinnebier-kudamm.de/
Auto Mücke GmbH,https://www.ford.de/haendlersuche#/search/12099/dealer/FordGK1E1M0%20%20DEU/,Korkedamm 6,12524 Berlin,030/67288-23/-24,http://ford-muecke-berlin.de/
Autohaus Standhardt,https://www.ford.de/haendlersuche#/search/12099/dealer/FordGK2HK92%20%20DEU/,Coppistraße 5,10365 Berlin,030/29492355,http://ford-standhardt-berlin.de/
Automobilforum KADEA GmbH,https://www.ford.de/haendlersuche#/search/12101/dealer/FordGK1E300%20%20DEU/,Buschkrugallee 43,12359 Berlin,030/68285-0,http://ford-kadea-buschkrug-berlin.de/
Autohaus Dinnebier Fil. Wilmersdorf,https://www.ford.de/haendlersuche#/search/12101/dealer/FordGK1BW9H%20%20DEU/,Forckenbeckstraße 94,14199 Berlin-Wilmersdorf,030/82095-0,http://ford-dinnebier-wilmersdorf.de/
Autohaus Dinnebier Filiale Ku'Damm,https://www.ford.de/haendlersuche#/search/12101/dealer/FordGK1BW9N%20%20DEU/,Karlsruher Straße 25 - 27,10711 Berlin,030/894087-100,http://ford-dinnebier-kudamm.de/
Autohaus Standhardt,https://www.ford.de/haendlersuche#/search/12101/dealer/FordGK2HK92%20%20DEU/,Coppistraße 5,10365 Berlin,030/29492355,http://ford-standhardt-berlin.de/
Autohaus Dinnebier Filiale Pankow,https://www.ford.de/haendlersuche#/search/12101/dealer/FordGK1BW9E%20%20DEU/,Tino-Schwierzina-Straße 33,13089 Berlin,030/9120798-0,http://ford-dinnebier-pankow.de/
Autohaus Dinnebier Fil. Wilmersdorf,https://www.ford.de/haendlersuche#/search/12103/dealer/FordGK1BW9H%20%20DEU/,Forckenbeckstraße 94,14199 Berlin-Wilmersdorf,030/82095-0,http://ford-dinnebier-wilmersdorf.de/
Automobilforum KADEA GmbH,https://www.ford.de/haendlersuche#/search/12103/dealer/FordGK1E300%20%20DEU/,Buschkrugallee 43,12359 Berlin,030/68285-0,http://ford-kadea-buschkrug-berlin.de/
Autohaus Dinnebier Filiale Ku'Damm,https://www.ford.de/haendlersuche#/search/12103/dealer/FordGK1BW9N%20%20DEU/,Karlsruher Straße 25 - 27,10711 Berlin,030/894087-100,http://ford-dinnebier-kudamm.de/
Automobilforum KADEA GmbH,https://www.ford.de/haendlersuche#/search/12103/dealer/FordGK1E30A%20%20DEU/,Görzallee 327,14167 Berlin,030/84782-3,http://ford-kadea-goerzallee-berlin.de/
Autohaus Dinnebier Filiale Pankow,https://www.ford.de/haendlersuche#/search/12103/dealer/FordGK1BW9E%20%20DEU/,Tino-Schwierzina-Straße 33,13089 Berlin,030/9120798-0,http://ford-dinnebier-pankow.de/
Automobilforum KADEA GmbH,https://www.ford.de/haendlersuche#/search/12105/dealer/FordGK1E300%20%20DEU/,Buschkrugallee 43,12359 Berlin,030/68285-0,http://ford-kadea-buschkrug-berlin.de/
Autohaus Dinnebier Fil. Wilmersdorf,https://www.ford.de/haendlersuche#/search/12105/dealer/FordGK1BW9H%20%20DEU/,Forckenbeckstraße 94,14199 Berlin-Wilmersdorf,030/82095-0,http://ford-dinnebier-wilmersdorf.de/
Automobilforum KADEA GmbH,https://www.ford.de/haendlersuche#/search/12105/dealer/FordGK1E30A%20%20DEU/,Görzallee 327,14167 Berlin,030/84782-3,http://ford-kadea-goerzallee-berlin.de/
Autohaus Dinnebier Filiale Ku'Damm,https://www.ford.de/haendlersuche#/search/12105/dealer/FordGK1BW9N%20%20DEU/,Karlsruher Straße 25 - 27,10711 Berlin,030/894087-100,http://ford-dinnebier-kudamm.de/
Auto Mücke GmbH,https://www.ford.de/haendlersuche#/search/12105/dealer/FordGK1E1M0%20%20DEU/,Korkedamm 6,12524 Berlin,030/67288-23/-24,http://ford-muecke-berlin.de/
Automobilforum KADEA GmbH,https://www.ford.de/haendlersuche#/search/12107/dealer/FordGK1E300%20%20DEU/,Buschkrugallee 43,12359 Berlin,030/68285-0,http://ford-kadea-buschkrug-berlin.de/
Automobilforum KADEA GmbH,https://www.ford.de/haendlersuche#/search/12107/dealer/FordGK1E30A%20%20DEU/,Görzallee 327,14167 Berlin,030/84782-3,http://ford-kadea-goerzallee-berlin.de/
Autohaus Dinnebier Fil. Wilmersdorf,https://www.ford.de/haendlersuche#/search/12107/dealer/FordGK1BW9H%20%20DEU/,Forckenbeckstraße 94,14199 Berlin-Wilmersdorf,030/82095-0,http://ford-dinnebier-wilmersdorf.de/
Autohaus Standhardt,https://www.ford.de/haendlersuche#/search/12107/dealer/FordGK2HK92%20%20DEU/,Coppistraße 5,10365 Berlin,030/29492355,http://ford-standhardt-berlin.de/
Autohaus Dinnebier Filiale Ku'Damm,https://www.ford.de/haendlersuche#/search/12107/dealer/FordGK1BW9N%20%20DEU/,Karlsruher Straße 25 - 27,10711 Berlin,030/894087-100,http://ford-dinnebier-kudamm.de/
Automobilforum KADEA GmbH,https://www.ford.de/haendlersuche#/search/12109/dealer/FordGK1E300%20%20DEU/,Buschkrugallee 43,12359 Berlin,030/68285-0,http://ford-kadea-buschkrug-berlin.de/
Autohaus Standhardt,https://www.ford.de/haendlersuche#/search/12109/dealer/FordGK2HK92%20%20DEU/,Coppistraße 5,10365 Berlin,030/29492355,http://ford-standhardt-berlin.de/
Auto Mücke GmbH,https://www.ford.de/haendlersuche#/search/12109/dealer/FordGK1E1M0%20%20DEU/,Korkedamm 6,12524 Berlin,030/67288-23/-24,http://ford-muecke-berlin.de/
Autohaus Dinnebier Fil. Wilmersdorf,https://www.ford.de/haendlersuche#/search/12109/dealer/FordGK1BW9H%20%20DEU/,Forckenbeckstraße 94,14199 Berlin-Wilmersdorf,030/82095-0,http://ford-dinnebier-wilmersdorf.de/
Autohaus Dinnebier Filiale Köpenick,https://www.ford.de/haendlersuche#/search/12109/dealer/FordGK1BW9F%20%20DEU/,Bruno-Bürgel-Weg 70 - 80,12439 Berlin-Köpenick,030/6706969-0,http://ford-dinnebier-koepenick.de/
Autohaus Dinnebier Fil. Wilmersdorf,https://www.ford.de/haendlersuche#/search/12157/dealer/FordGK1BW9H%20%20DEU/,Forckenbeckstraße 94,14199 Berlin-Wilmersdorf,030/82095-0,http://ford-dinnebier-wilmersdorf.de/
Autohaus Dinnebier Filiale Ku'Damm,https://www.ford.de/haendlersuche#/search/12157/dealer/FordGK1BW9N%20%20DEU/,Karlsruher Straße 25 - 27,10711 Berlin,030/894087-100,http://ford-dinnebier-kudamm.de/
Automobilforum KADEA GmbH,https://www.ford.de/haendlersuche#/search/12157/dealer/FordGK1E300%20%20DEU/,Buschkrugallee 43,12359 Berlin,030/68285-0,http://ford-kadea-buschkrug-berlin.de/
Automobilforum KADEA GmbH,https://www.ford.de/haendlersuche#/search/12157/dealer/FordGK1E30A%20%20DEU/,Görzallee 327,14167 Berlin,030/84782-3,http://ford-kadea-goerzallee-berlin.de/
Auto Mücke GmbH,https://www.ford.de/haendlersuche#/search/12157/dealer/FordGK1E1M0%20%20DEU/,Korkedamm 6,12524 Berlin,030/67288-23/-24,http://ford-muecke-berlin.de/
Autohaus Dinnebier Fil. Wilmersdorf,https://www.ford.de/haendlersuche#/search/12159/dealer/FordGK1BW9H%20%20DEU/,Forckenbeckstraße 94,14199 Berlin-Wilmersdorf,030/82095-0,http://ford-dinnebier-wilmersdorf.de/
Autohaus Dinnebier Filiale Ku'Damm,https://www.ford.de/haendlersuche#/search/12159/dealer/FordGK1BW9N%20%20DEU/,Karlsruher Straße 25 - 27,10711 Berlin,030/894087-100,http://ford-dinnebier-kudamm.de/
Automobilforum KADEA GmbH,https://www.ford.de/haendlersuche#/search/12159/dealer/FordGK1E300%20%20DEU/,Buschkrugallee 43,12359 Berlin,030/68285-0,http://ford-kadea-buschkrug-berlin.de/
Automobilforum KADEA GmbH,https://www.ford.de/haendlersuche#/search/12159/dealer/FordGK1E30A%20%20DEU/,Görzallee 327,14167 Berlin,030/84782-3,http://ford-kadea-goerzallee-berlin.de/
Autohaus Dinnebier Fil. Lichtenberg,https://www.ford.de/haendlersuche#/search/12159/dealer/FordGK1BW9G%20%20DEU/,Siegfriedstr. 79,10365 Berlin,030/55767-0,http://ford-dinnebier-lichtenberg.de/
Autohaus Dinnebier Fil. Wilmersdorf,https://www.ford.de/haendlersuche#/search/12161/dealer/FordGK1BW9H%20%20DEU/,Forckenbeckstraße 94,14199 Berlin-Wilmersdorf,030/82095-0,http://ford-dinnebier-wilmersdorf.de/
Autohaus Dinnebier Filiale Ku'Damm,https://www.ford.de/haendlersuche#/search/12161/dealer/FordGK1BW9N%20%20DEU/,Karlsruher Straße 25 - 27,10711 Berlin,030/894087-100,http://ford-dinnebier-kudamm.de/
Automobilforum KADEA GmbH,https://www.ford.de/haendlersuche#/search/12161/dealer/FordGK1E300%20%20DEU/,Buschkrugallee 43,12359 Berlin,030/68285-0,http://ford-kadea-buschkrug-berlin.de/
Automobilforum KADEA GmbH,https://www.ford.de/haendlersuche#/search/12161/dealer/FordGK1E30A%20%20DEU/,Görzallee 327,14167 Berlin,030/84782-3,http://ford-kadea-goerzallee-berlin.de/
Autohaus Ristow GmbH,https://www.ford.de/haendlersuche#/search/12161/dealer/FordGK1E1L0%20%20DEU/,Soltauer Str. 10,13509 Berlin,030/437783-0,http://ford-ristow-berlin.de/
Autohaus Dinnebier Fil. Wilmersdorf,https://www.ford.de/haendlersuche#/search/12163/dealer/FordGK1BW9H%20%20DEU/,Forckenbeckstraße 94,14199 Berlin-Wilmersdorf,030/82095-0,http://ford-dinnebier-wilmersdorf.de/
Autohaus Dinnebier Filiale Ku'Damm,https://www.ford.de/haendlersuche#/search/12163/dealer/FordGK1BW9N%20%20DEU/,Karlsruher Straße 25 - 27,10711 Berlin,030/894087-100,http://ford-dinnebier-kudamm.de/
Automobilforum KADEA GmbH,https://www.ford.de/haendlersuche#/search/12163/dealer/FordGK1E30A%20%20DEU/,Görzallee 327,14167 Berlin,030/84782-3,http://ford-kadea-goerzallee-berlin.de/
Automobilforum KADEA GmbH,https://www.ford.de/haendlersuche#/search/12163/dealer/FordGK1E300%20%20DEU/,Buschkrugallee 43,12359 Berlin,030/68285-0,http://ford-kadea-buschkrug-berlin.de/
Autohaus Ristow GmbH,https://www.ford.de/haendlersuche#/search/12163/dealer/FordGK1E1L0%20%20DEU/,Soltauer Str. 10,13509 Berlin,030/437783-0,http://ford-ristow-berlin.de/
Autohaus Dinnebier Fil. Wilmersdorf,https://www.ford.de/haendlersuche#/search/12169/dealer/FordGK1BW9H%20%20DEU/,Forckenbeckstraße 94,14199 Berlin-Wilmersdorf,030/82095-0,http://ford-dinnebier-wilmersdorf.de/
Automobilforum KADEA GmbH,https://www.ford.de/haendlersuche#/search/12169/dealer/FordGK1E30A%20%20DEU/,Görzallee 327,14167 Berlin,030/84782-3,http://ford-kadea-goerzallee-berlin.de/
Autohaus Dinnebier Filiale Ku'Damm,https://www.ford.de/haendlersuche#/search/12169/dealer/FordGK1BW9N%20%20DEU/,Karlsruher Straße 25 - 27,10711 Berlin,030/894087-100,http://ford-dinnebier-kudamm.de/
Automobilforum KADEA GmbH,https://www.ford.de/haendlersuche#/search/12169/dealer/FordGK1E300%20%20DEU/,Buschkrugallee 43,12359 Berlin,030/68285-0,http://ford-kadea-buschkrug-berlin.de/
Auto Mücke GmbH,https://www.ford.de/haendlersuche#/search/12169/dealer/FordGK1E1M0%20%20DEU/,Korkedamm 6,12524 Berlin,030/67288-23/-24,http://ford-muecke-berlin.de/
Autohaus Dinnebier Fil. Wilmersdorf,https://www.ford.de/haendlersuche#/search/12203/dealer/FordGK1BW9H%20%20DEU/,Forckenbeckstraße 94,14199 Berlin-Wilmersdorf,030/82095-0,http://ford-dinnebier-wilmersdorf.de/
Automobilforum KADEA GmbH,https://www.ford.de/haendlersuche#/search/12203/dealer/FordGK1E30A%20%20DEU/,Görzallee 327,14167 Berlin,030/84782-3,http://ford-kadea-goerzallee-berlin.de/
Autohaus Dinnebier Filiale Ku'Damm,https://www.ford.de/haendlersuche#/search/12203/dealer/FordGK1BW9N%20%20DEU/,Karlsruher Straße 25 - 27,10711 Berlin,030/894087-100,http://ford-dinnebier-kudamm.de/
Automobilforum KADEA GmbH,https://www.ford.de/haendlersuche#/search/12203/dealer/FordGK1E300%20%20DEU/,Buschkrugallee 43,12359 Berlin,030/68285-0,http://ford-kadea-buschkrug-berlin.de/
Auto Mücke GmbH,https://www.ford.de/haendlersuche#/search/12203/dealer/FordGK1E1M0%20%20DEU/,Korkedamm 6,12524 Berlin,030/67288-23/-24,http://ford-muecke-berlin.de/
Automobilforum KADEA GmbH,https://www.ford.de/haendlersuche#/search/12205/dealer/FordGK1E30A%20%20DEU/,Görzallee 327,14167 Berlin,030/84782-3,http://ford-kadea-goerzallee-berlin.de/
Autohaus Dinnebier Fil. Wilmersdorf,https://www.ford.de/haendlersuche#/search/12205/dealer/FordGK1BW9H%20%20DEU/,Forckenbeckstraße 94,14199 Berlin-Wilmersdorf,030/82095-0,http://ford-dinnebier-wilmersdorf.de/
Autohaus Dinnebier Filiale Ku'Damm,https://www.ford.de/haendlersuche#/search/12205/dealer/FordGK1BW9N%20%20DEU/,Karlsruher Straße 25 - 27,10711 Berlin,030/894087-100,http://ford-dinnebier-kudamm.de/
Automobilforum KADEA GmbH,https://www.ford.de/haendlersuche#/search/12205/dealer/FordGK1E300%20%20DEU/,Buschkrugallee 43,12359 Berlin,030/68285-0,http://ford-kadea-buschkrug-berlin.de/
Schautberger Automobile e. K.,https://www.ford.de/haendlersuche#/search/12205/dealer/FordGK1GF10%20%20DEU/,Rudolf-Moos-Straße 3,14482 Potsdam-Babelsberg,0331/74353-50,http://www.ford-schautberger.de/
Automobilforum KADEA GmbH,https://www.ford.de/haendlersuche#/search/12207/dealer/FordGK1E30A%20%20DEU/,Görzallee 327,14167 Berlin,030/84782-3,http://ford-kadea-goerzallee-berlin.de/
Autohaus Dinnebier Fil. Wilmersdorf,https://www.ford.de/haendlersuche#/search/12207/dealer/FordGK1BW9H%20%20DEU/,Forckenbeckstraße 94,14199 Berlin-Wilmersdorf,030/82095-0,http://ford-dinnebier-wilmersdorf.de/
Autohaus Dinnebier Filiale Ku'Damm,https://www.ford.de/haendlersuche#/search/12207/dealer/FordGK1BW9N%20%20DEU/,Karlsruher Straße 25 - 27,10711 Berlin,030/894087-100,http://ford-dinnebier-kudamm.de/
Automobilforum KADEA GmbH,https://www.ford.de/haendlersuche#/search/12207/dealer/FordGK1E300%20%20DEU/,Buschkrugallee 43,12359 Berlin,030/68285-0,http://ford-kadea-buschkrug-berlin.de/
Auto Mücke GmbH,https://www.ford.de/haendlersuche#/search/12207/dealer/FordGK1E1M0%20%20DEU/,Korkedamm 6,12524 Berlin,030/67288-23/-24,http://ford-muecke-berlin.de/
Autohaus Dinnebier Fil. Wilmersdorf,https://www.ford.de/haendlersuche#/search/12247/dealer/FordGK1BW9H%20%20DEU/,Forckenbeckstraße 94,14199 Berlin-Wilmersdorf,030/82095-0,http://ford-dinnebier-wilmersdorf.de/
Automobilforum KADEA GmbH,https://www.ford.de/haendlersuche#/search/12247/dealer/FordGK1E30A%20%20DEU/,Görzallee 327,14167 Berlin,030/84782-3,http://ford-kadea-goerzallee-berlin.de/
Autohaus Dinnebier Filiale Ku'Damm,https://www.ford.de/haendlersuche#/search/12247/dealer/FordGK1BW9N%20%20DEU/,Karlsruher Straße 25 - 27,10711 Berlin,030/894087-100,http://ford-dinnebier-kudamm.de/
Automobilforum KADEA GmbH,https://www.ford.de/haendlersuche#/search/12247/dealer/FordGK1E300%20%20DEU/,Buschkrugallee 43,12359 Berlin,030/68285-0,http://ford-kadea-buschkrug-berlin.de/
Auto Mücke GmbH,https://www.ford.de/haendlersuche#/search/12247/dealer/FordGK1E1M0%20%20DEU/,Korkedamm 6,12524 Berlin,030/67288-23/-24,http://ford-muecke-berlin.de/
Automobilforum KADEA GmbH,https://www.ford.de/haendlersuche#/search/12277/dealer/FordGK1E30A%20%20DEU/,Görzallee 327,14167 Berlin,030/84782-3,http://ford-kadea-goerzallee-berlin.de/
Automobilforum KADEA GmbH,https://www.ford.de/haendlersuche#/search/12277/dealer/FordGK1E300%20%20DEU/,Buschkrugallee 43,12359 Berlin,030/68285-0,http://ford-kadea-buschkrug-berlin.de/
Autohaus Dinnebier Fil. Wilmersdorf,https://www.ford.de/haendlersuche#/search/12277/dealer/FordGK1BW9H%20%20DEU/,Forckenbeckstraße 94,14199 Berlin-Wilmersdorf,030/82095-0,http://ford-dinnebier-wilmersdorf.de/
Auto Mücke GmbH,https://www.ford.de/haendlersuche#/search/12277/dealer/FordGK1E1M0%20%20DEU/,Korkedamm 6,12524 Berlin,030/67288-23/-24,http://ford-muecke-berlin.de/
Autohaus Dinnebier Filiale Köpenick,https://www.ford.de/haendlersuche#/search/12277/dealer/FordGK1BW9F%20%20DEU/,Bruno-Bürgel-Weg 70 - 80,12439 Berlin-Köpenick,030/6706969-0,http://ford-dinnebier-koepenick.de/
Automobilforum KADEA GmbH,https://www.ford.de/haendlersuche#/search/12305/dealer/FordGK1E300%20%20DEU/,Buschkrugallee 43,12359 Berlin,030/68285-0,http://ford-kadea-buschkrug-berlin.de/
Automobilforum KADEA GmbH,https://www.ford.de/haendlersuche#/search/12305/dealer/FordGK1E30A%20%20DEU/,Görzallee 327,14167 Berlin,030/84782-3,http://ford-kadea-goerzallee-berlin.de/
Auto Mücke GmbH,https://www.ford.de/haendlersuche#/search/12305/dealer/FordGK1E1M0%20%20DEU/,Korkedamm 6,12524 Berlin,030/67288-23/-24,http://ford-muecke-berlin.de/
Autohaus Dinnebier Filiale Köpenick,https://www.ford.de/haendlersuche#/search/12305/dealer/FordGK1BW9F%20%20DEU/,Bruno-Bürgel-Weg 70 - 80,12439 Berlin-Köpenick,030/6706969-0,http://ford-dinnebier-koepenick.de/
Autohaus Dinnebier Fil. Wilmersdorf,https://www.ford.de/haendlersuche#/search/12305/dealer/FordGK1BW9H%20%20DEU/,Forckenbeckstraße 94,14199 Berlin-Wilmersdorf,030/82095-0,http://ford-dinnebier-wilmersdorf.de/
Automobilforum KADEA GmbH,https://www.ford.de/haendlersuche#/search/12347/dealer/FordGK1E300%20%20DEU/,Buschkrugallee 43,12359 Berlin,030/68285-0,http://ford-kadea-buschkrug-berlin.de/
Auto Mücke GmbH,https://www.ford.de/haendlersuche#/search/12347/dealer/FordGK1E1M0%20%20DEU/,Korkedamm 6,12524 Berlin,030/67288-23/-24,http://ford-muecke-berlin.de/
Autohaus Dinnebier Filiale Köpenick,https://www.ford.de/haendlersuche#/search/12347/dealer/FordGK1BW9F%20%20DEU/,Bruno-Bürgel-Weg 70 - 80,12439 Berlin-Köpenick,030/6706969-0,http://ford-dinnebier-koepenick.de/
Auto-Stephan KG,https://www.ford.de/haendlersuche#/search/12347/dealer/FordGK1HAJ0%20%20DEU/,Ursula-Goetze-Str. 8 - 10,10318 Berlin,030/501069-0,http://ford-stephan-berlin.de/
Autohaus Dinnebier Fil. Wilmersdorf,https://www.ford.de/haendlersuche#/search/12347/dealer/FordGK1BW9H%20%20DEU/,Forckenbeckstraße 94,14199 Berlin-Wilmersdorf,030/82095-0,http://ford-dinnebier-wilmersdorf.de/
